id,timestamp,vehicle_id,position_x,position_y,attack_type,confidence,severity,reconstruction_error,speed,metadata,created_at
878,2026-02-23T21:04:22.693080,0,15.9,27.19,Sybil Attack,0.8,HIGH,0.1567,,{},2026-02-23 21:04:22
879,2026-02-23T21:04:22.693080,3,69.4,37.5,Sybil Attack,0.8,HIGH,0.193,,{},2026-02-23 21:04:22
880,2026-02-23T21:04:22.693080,6,39.44,2.06,Sybil Attack,0.8,HIGH,0.1567,,{},2026-02-23 21:04:22
881,2026-02-23T21:04:22.693080,9,58.36,78.16,Sybil Attack,0.5,HIGH,0.2221,,{},2026-02-23 21:04:22
882,2026-02-23T21:04:22.693080,12,97.03,88.88,Sybil Attack,0.5,HIGH,0.2022,,{},2026-02-23 21:04:22
883,2026-02-23T21:04:22.895397,0,11.9,29.25,Sybil Attack,0.5,HIGH,0.2769,,{},2026-02-23 21:04:22
884,2026-02-23T21:04:22.895397,3,73.41,35.79,Sybil Attack,0.5,HIGH,0.1757,,{},2026-02-23 21:04:22
885,2026-02-23T21:04:22.896277,6,39.84,1.58,GPS Spoofing,0.9,HIGH,0.2386,,{},2026-02-23 21:04:22
886,2026-02-23T21:04:22.896277,9,59.56,76.97,Sybil Attack,0.8,HIGH,0.1633,,{},2026-02-23 21:04:22
887,2026-02-23T21:04:22.896277,12,95.16,89.92,Sybil Attack,0.5,HIGH,0.2288,,{},2026-02-23 21:04:22
888,2026-02-23T21:04:23.095420,0,9.69,24.98,Sybil Attack,0.5,HIGH,0.315,,{},2026-02-23 21:04:23
889,2026-02-23T21:04:23.095420,3,77.4,33.78,Sybil Attack,0.5,HIGH,0.3134,,{},2026-02-23 21:04:23
890,2026-02-23T21:04:23.095420,6,35.19,2.24,GPS Spoofing,0.9,HIGH,0.267,,{},2026-02-23 21:04:23
891,2026-02-23T21:04:23.095420,9,60.77,75.77,Sybil Attack,0.8,HIGH,0.1382,,{},2026-02-23 21:04:23
892,2026-02-23T21:04:23.095420,12,91.3,88.95,Sybil Attack,0.5,HIGH,0.2181,,{},2026-02-23 21:04:23
893,2026-02-23T21:04:23.286795,0,5.94,25.27,Sybil Attack,0.5,HIGH,0.3785,,{},2026-02-23 21:04:23
894,2026-02-23T21:04:23.287804,3,81.8,35.36,Sybil Attack,0.5,HIGH,0.2796,,{},2026-02-23 21:04:23
895,2026-02-23T21:04:23.287804,6,30.54,2.89,GPS Spoofing,0.9,HIGH,0.201,,{},2026-02-23 21:04:23
896,2026-02-23T21:04:23.287804,9,61.98,74.58,GPS Spoofing,0.9,HIGH,0.2181,,{},2026-02-23 21:04:23
897,2026-02-23T21:04:23.287804,12,88.86,84.76,Position Falsification,0.6,MEDIUM,0.3322,,{},2026-02-23 21:04:23
898,2026-02-23T21:04:23.489562,0,2.19,25.56,GPS Spoofing,0.9,HIGH,0.3639,,{},2026-02-23 21:04:23
899,2026-02-23T21:04:23.489562,3,86.55,33.62,Message Tampering,0.3,LOW,0.3418,,{},2026-02-23 21:04:23
900,2026-02-23T21:04:23.489562,6,35.37,0.0,GPS Spoofing,1.0,HIGH,0.3324,,{},2026-02-23 21:04:23
901,2026-02-23T21:04:23.489562,9,63.18,73.38,GPS Spoofing,0.9,HIGH,0.2203,,{},2026-02-23 21:04:23
902,2026-02-23T21:04:23.489562,12,86.42,80.58,Position Falsification,0.6,MEDIUM,0.2679,,{},2026-02-23 21:04:23
903,2026-02-23T21:04:23.680634,0,0.0,25.85,GPS Spoofing,0.9,HIGH,0.4,,{},2026-02-23 21:04:23
904,2026-02-23T21:04:23.680634,3,91.29,31.87,Message Tampering,0.3,LOW,0.3185,,{},2026-02-23 21:04:23
905,2026-02-23T21:04:23.680634,6,40.2,4.26,GPS Spoofing,1.0,HIGH,0.3599,,{},2026-02-23 21:04:23
906,2026-02-23T21:04:23.686789,9,64.39,72.19,GPS Spoofing,0.9,HIGH,0.2265,,{},2026-02-23 21:04:23
907,2026-02-23T21:04:23.687107,12,87.31,78.31,Position Falsification,0.6,MEDIUM,0.2742,,{},2026-02-23 21:04:23
908,2026-02-23T21:04:23.888664,0,0.0,27.86,GPS Spoofing,0.9,HIGH,0.4,,{},2026-02-23 21:04:23
909,2026-02-23T21:04:23.888664,3,93.3,30.94,Unknown Attack,0.5,LOW,0.2833,,{},2026-02-23 21:04:23
910,2026-02-23T21:04:23.888664,6,45.03,8.52,GPS Spoofing,1.0,HIGH,0.4,,{},2026-02-23 21:04:23
911,2026-02-23T21:04:23.889592,9,65.6,70.99,GPS Spoofing,1.0,HIGH,0.269,,{},2026-02-23 21:04:23
912,2026-02-23T21:04:23.889592,12,88.2,76.05,Position Falsification,0.6,MEDIUM,0.3278,,{},2026-02-23 21:04:23
913,2026-02-23T21:04:24.105704,0,2.06,29.86,GPS Spoofing,0.9,HIGH,0.4,,{},2026-02-23 21:04:24
914,2026-02-23T21:04:24.106701,3,95.86,30.01,Unknown Attack,0.5,LOW,0.3625,,{},2026-02-23 21:04:24
915,2026-02-23T21:04:24.106701,6,40.74,8.92,GPS Spoofing,1.0,HIGH,0.4,,{},2026-02-23 21:04:24
916,2026-02-23T21:04:24.106701,9,66.8,69.8,GPS Spoofing,1.0,HIGH,0.1243,,{},2026-02-23 21:04:24
917,2026-02-23T21:04:24.106701,12,91.8,72.33,GPS Spoofing,0.9,HIGH,0.3219,,{},2026-02-23 21:04:24
918,2026-02-23T21:04:24.295615,0,1.18,30.65,GPS Spoofing,0.9,HIGH,0.4,,{},2026-02-23 21:04:24
919,2026-02-23T21:04:24.295615,3,98.41,29.08,Unknown Attack,0.5,LOW,0.3764,,{},2026-02-23 21:04:24
920,2026-02-23T21:04:24.295615,6,36.44,9.32,GPS Spoofing,1.0,HIGH,0.4,,{},2026-02-23 21:04:24
921,2026-02-23T21:04:24.295615,9,65.41,70.29,GPS Spoofing,1.0,HIGH,0.285,,{},2026-02-23 21:04:24
922,2026-02-23T21:04:24.295615,12,95.39,68.61,GPS Spoofing,0.9,HIGH,0.3446,,{},2026-02-23 21:04:24
923,2026-02-23T21:04:24.488762,0,1.03,26.92,GPS Spoofing,0.9,HIGH,0.4,,{},2026-02-23 21:04:24
924,2026-02-23T21:04:24.488762,3,100.0,31.82,Unknown Attack,0.5,LOW,0.4,,{},2026-02-23 21:04:24
925,2026-02-23T21:04:24.489196,6,37.92,14.16,GPS Spoofing,1.0,HIGH,0.4,,{},2026-02-23 21:04:24
926,2026-02-23T21:04:24.489196,9,60.55,68.86,GPS Spoofing,1.0,HIGH,0.2301,,{},2026-02-23 21:04:24
927,2026-02-23T21:04:24.489718,12,98.99,64.88,GPS Spoofing,0.9,HIGH,0.3383,,{},2026-02-23 21:04:24
928,2026-02-23T21:04:24.687671,0,0.87,23.2,GPS Spoofing,1.0,HIGH,0.4,,{},2026-02-23 21:04:24
929,2026-02-23T21:04:24.687989,3,97.79,34.55,Unknown Attack,0.5,LOW,0.4,,{},2026-02-23 21:04:24
930,2026-02-23T21:04:24.687989,6,39.41,19.01,GPS Spoofing,1.0,HIGH,0.4,,{},2026-02-23 21:04:24
931,2026-02-23T21:04:24.687989,9,55.68,67.42,GPS Spoofing,1.0,HIGH,0.212,,{},2026-02-23 21:04:24
932,2026-02-23T21:04:24.687989,12,100.0,61.16,GPS Spoofing,0.9,HIGH,0.3017,,{},2026-02-23 21:04:24
933,2026-02-23T21:04:24.888736,0,0.72,19.47,GPS Spoofing,1.0,HIGH,0.4,,{},2026-02-23 21:04:24
934,2026-02-23T21:04:24.888736,3,95.26,31.24,Unknown Attack,0.5,LOW,0.3901,,{},2026-02-23 21:04:24
935,2026-02-23T21:04:24.888736,6,36.63,15.32,GPS Spoofing,1.0,HIGH,0.4,,{},2026-02-23 21:04:24
936,2026-02-23T21:04:24.888736,9,50.82,65.99,GPS Spoofing,1.0,HIGH,0.1926,,{},2026-02-23 21:04:24
937,2026-02-23T21:04:24.888736,12,96.41,57.44,GPS Spoofing,0.9,HIGH,0.3936,,{},2026-02-23 21:04:24
938,2026-02-23T21:04:25.097319,0,0.0,21.02,GPS Spoofing,1.0,HIGH,0.4,,{},2026-02-23 21:04:25
939,2026-02-23T21:04:25.097319,3,92.72,27.94,Unknown Attack,0.5,LOW,0.4,,{},2026-02-23 21:04:25
940,2026-02-23T21:04:25.097319,6,35.88,17.34,GPS Spoofing,1.0,HIGH,0.4,,{},2026-02-23 21:04:25
941,2026-02-23T21:04:25.097319,9,45.96,64.56,GPS Spoofing,1.0,HIGH,0.2068,,{},2026-02-23 21:04:25
942,2026-02-23T21:04:25.097319,12,92.81,53.72,Position Falsification,0.7,MEDIUM,0.3025,,{},2026-02-23 21:04:25
943,2026-02-23T21:04:25.286999,0,4.58,22.58,GPS Spoofing,1.0,HIGH,0.4,,{},2026-02-23 21:04:25
944,2026-02-23T21:04:25.286999,3,90.18,24.63,Unknown Attack,0.5,LOW,0.3912,,{},2026-02-23 21:04:25
945,2026-02-23T21:04:25.287985,6,32.76,12.66,GPS Spoofing,1.0,HIGH,0.4,,{},2026-02-23 21:04:25
946,2026-02-23T21:04:25.287985,9,41.1,63.12,GPS Spoofing,1.0,HIGH,0.2546,,{},2026-02-23 21:04:25
947,2026-02-23T21:04:25.287985,12,90.28,50.32,Position Falsification,0.7,MEDIUM,0.3657,,{},2026-02-23 21:04:25
948,2026-02-23T21:04:25.487668,0,9.17,24.14,GPS Spoofing,0.9,HIGH,0.4,,{},2026-02-23 21:04:25
949,2026-02-23T21:04:25.488696,3,90.33,25.41,Unknown Attack,0.5,LOW,0.4,,{},2026-02-23 21:04:25
950,2026-02-23T21:04:25.488696,6,29.64,7.98,GPS Spoofing,1.0,HIGH,0.4,,{},2026-02-23 21:04:25
951,2026-02-23T21:04:25.489061,9,36.23,61.69,GPS Spoofing,1.0,HIGH,0.2337,,{},2026-02-23 21:04:25
952,2026-02-23T21:04:25.489061,12,87.75,46.92,GPS Spoofing,0.9,HIGH,0.3546,,{},2026-02-23 21:04:25
953,2026-02-23T21:04:25.686749,0,10.0,26.84,GPS Spoofing,0.9,HIGH,0.4,,{},2026-02-23 21:04:25
954,2026-02-23T21:04:25.686749,3,90.47,26.18,Unknown Attack,0.5,LOW,0.3825,,{},2026-02-23 21:04:25
955,2026-02-23T21:04:25.686749,6,26.52,3.29,GPS Spoofing,1.0,HIGH,0.4,,{},2026-02-23 21:04:25
956,2026-02-23T21:04:25.686749,9,31.37,60.26,GPS Spoofing,1.0,HIGH,0.3253,,{},2026-02-23 21:04:25
957,2026-02-23T21:04:25.687375,12,85.22,43.52,GPS Spoofing,1.0,HIGH,0.3496,,{},2026-02-23 21:04:25
958,2026-02-23T21:04:25.887804,0,10.84,29.55,GPS Spoofing,0.9,HIGH,0.4,,{},2026-02-23 21:04:25
959,2026-02-23T21:04:25.887804,3,90.61,26.95,Unknown Attack,0.5,LOW,0.4,,{},2026-02-23 21:04:25
960,2026-02-23T21:04:25.888543,6,22.95,6.23,GPS Spoofing,1.0,HIGH,0.4,,{},2026-02-23 21:04:25
961,2026-02-23T21:04:25.888543,9,26.51,58.82,GPS Spoofing,1.0,HIGH,0.2932,,{},2026-02-23 21:04:25
962,2026-02-23T21:04:25.889162,12,82.69,40.12,GPS Spoofing,1.0,HIGH,0.3736,,{},2026-02-23 21:04:25
963,2026-02-23T21:04:26.079874,0,11.67,32.26,GPS Spoofing,0.9,HIGH,0.3346,,{},2026-02-23 21:04:26
964,2026-02-23T21:04:26.079874,3,92.61,28.82,Unknown Attack,0.5,LOW,0.3528,,{},2026-02-23 21:04:26
965,2026-02-23T21:04:26.079874,6,23.06,1.78,GPS Spoofing,1.0,HIGH,0.4,,{},2026-02-23 21:04:26
966,2026-02-23T21:04:26.086448,9,21.65,57.39,GPS Spoofing,1.0,HIGH,0.2515,,{},2026-02-23 21:04:26
967,2026-02-23T21:04:26.086448,12,79.68,37.64,GPS Spoofing,1.0,HIGH,0.2575,,{},2026-02-23 21:04:26
968,2026-02-23T21:04:26.288513,0,12.51,34.97,GPS Spoofing,0.9,HIGH,0.3382,,{},2026-02-23 21:04:26
969,2026-02-23T21:04:26.288886,3,94.61,30.7,Unknown Attack,0.5,LOW,0.3543,,{},2026-02-23 21:04:26
970,2026-02-23T21:04:26.288886,6,23.18,0.0,GPS Spoofing,1.0,HIGH,0.4,,{},2026-02-23 21:04:26
971,2026-02-23T21:04:26.288886,9,17.07,53.78,GPS Spoofing,1.0,HIGH,0.2383,,{},2026-02-23 21:04:26
972,2026-02-23T21:04:26.288886,12,79.36,40.03,GPS Spoofing,1.0,HIGH,0.2892,,{},2026-02-23 21:04:26
973,2026-02-23T21:04:26.479513,0,13.34,37.68,GPS Spoofing,0.9,HIGH,0.2578,,{},2026-02-23 21:04:26
974,2026-02-23T21:04:26.479513,3,96.6,32.57,Unknown Attack,0.5,LOW,0.2649,,{},2026-02-23 21:04:26
975,2026-02-23T21:04:26.479513,6,23.3,4.45,GPS Spoofing,1.0,HIGH,0.4,,{},2026-02-23 21:04:26
976,2026-02-23T21:04:26.479513,9,12.5,50.18,GPS Spoofing,1.0,HIGH,0.2901,,{},2026-02-23 21:04:26
977,2026-02-23T21:04:26.479513,12,81.77,35.55,GPS Spoofing,1.0,HIGH,0.2952,,{},2026-02-23 21:04:26
978,2026-02-23T21:04:26.688677,0,10.52,40.36,Position Falsification,0.7,MEDIUM,0.3424,,{},2026-02-23 21:04:26
979,2026-02-23T21:04:26.689014,3,98.51,36.57,Unknown Attack,0.5,LOW,0.3663,,{},2026-02-23 21:04:26
980,2026-02-23T21:04:26.689014,6,23.42,8.9,Position Falsification,1.0,HIGH,0.4,,{},2026-02-23 21:04:26
981,2026-02-23T21:04:26.689014,9,11.87,46.33,GPS Spoofing,1.0,HIGH,0.1845,,{},2026-02-23 21:04:26
982,2026-02-23T21:04:26.689014,12,82.75,32.16,GPS Spoofing,1.0,HIGH,0.3281,,{},2026-02-23 21:04:26
983,2026-02-23T21:04:26.887316,0,7.7,43.05,Position Falsification,0.7,MEDIUM,0.2147,,{},2026-02-23 21:04:26
984,2026-02-23T21:04:26.887316,3,98.49,33.15,GPS Spoofing,0.5,HIGH,0.3302,,{},2026-02-23 21:04:26
985,2026-02-23T21:04:26.887316,6,23.53,13.36,Position Falsification,1.0,HIGH,0.4,,{},2026-02-23 21:04:26
986,2026-02-23T21:04:26.888303,9,11.24,42.49,Position Falsification,0.6,MEDIUM,0.2828,,{},2026-02-23 21:04:26
987,2026-02-23T21:04:26.888303,12,77.88,33.09,GPS Spoofing,1.0,HIGH,0.4,,{},2026-02-23 21:04:26
988,2026-02-23T21:04:27.104010,0,4.88,45.74,Position Falsification,0.7,MEDIUM,0.2328,,{},2026-02-23 21:04:27
989,2026-02-23T21:04:27.104010,3,98.48,29.73,GPS Spoofing,0.9,HIGH,0.3389,,{},2026-02-23 21:04:27
990,2026-02-23T21:04:27.104010,6,21.41,11.31,GPS Spoofing,1.0,HIGH,0.4,,{},2026-02-23 21:04:27
991,2026-02-23T21:04:27.104010,9,11.79,41.68,Position Falsification,0.7,MEDIUM,0.3256,,{},2026-02-23 21:04:27
992,2026-02-23T21:04:27.104010,12,73.0,34.02,GPS Spoofing,1.0,HIGH,0.4,,{},2026-02-23 21:04:27
993,2026-02-23T21:04:27.288499,0,2.06,48.42,Position Falsification,0.7,MEDIUM,0.2867,,{},2026-02-23 21:04:27
994,2026-02-23T21:04:27.288499,3,98.46,26.31,GPS Spoofing,0.9,HIGH,0.3357,,{},2026-02-23 21:04:27
995,2026-02-23T21:04:27.288499,6,19.69,7.0,GPS Spoofing,1.0,HIGH,0.4,,{},2026-02-23 21:04:27
996,2026-02-23T21:04:27.288499,9,15.26,44.9,Position Falsification,0.6,MEDIUM,0.3304,,{},2026-02-23 21:04:27
997,2026-02-23T21:04:27.288499,12,74.78,37.15,GPS Spoofing,1.0,HIGH,0.4,,{},2026-02-23 21:04:27
998,2026-02-23T21:04:27.486450,0,0.0,51.11,Position Falsification,0.7,MEDIUM,0.2642,,{},2026-02-23 21:04:27
999,2026-02-23T21:04:27.486450,3,97.43,29.21,GPS Spoofing,0.9,HIGH,0.4,,{},2026-02-23 21:04:27
1000,2026-02-23T21:04:27.486450,6,22.14,11.5,GPS Spoofing,1.0,HIGH,0.4,,{},2026-02-23 21:04:27
1001,2026-02-23T21:04:27.487282,9,18.72,48.11,GPS Spoofing,1.0,HIGH,0.3318,,{},2026-02-23 21:04:27
1002,2026-02-23T21:04:27.487282,12,76.56,40.28,GPS Spoofing,1.0,HIGH,0.4,,{},2026-02-23 21:04:27
1003,2026-02-23T21:04:27.686369,0,2.82,53.8,Position Falsification,0.7,MEDIUM,0.306,,{},2026-02-23 21:04:27
1004,2026-02-23T21:04:27.686369,3,96.39,32.11,GPS Spoofing,0.9,HIGH,0.4,,{},2026-02-23 21:04:27
1005,2026-02-23T21:04:27.686369,6,24.6,15.99,GPS Spoofing,1.0,HIGH,0.4,,{},2026-02-23 21:04:27
1006,2026-02-23T21:04:27.687121,9,20.81,52.09,GPS Spoofing,1.0,HIGH,0.3773,,{},2026-02-23 21:04:27
1007,2026-02-23T21:04:27.687121,12,73.36,36.53,GPS Spoofing,1.0,HIGH,0.4,,{},2026-02-23 21:04:27
1008,2026-02-23T21:04:27.889370,0,5.64,56.48,Position Falsification,0.7,MEDIUM,0.2892,,{},2026-02-23 21:04:27
1009,2026-02-23T21:04:27.894574,3,95.36,35.02,GPS Spoofing,0.9,HIGH,0.3983,,{},2026-02-23 21:04:27
1010,2026-02-23T21:04:27.894574,6,27.05,20.49,GPS Spoofing,1.0,HIGH,0.4,,{},2026-02-23 21:04:27
1011,2026-02-23T21:04:27.894574,9,22.91,56.07,GPS Spoofing,1.0,HIGH,0.3573,,{},2026-02-23 21:04:27
1012,2026-02-23T21:04:27.895585,12,70.15,32.78,GPS Spoofing,1.0,HIGH,0.4,,{},2026-02-23 21:04:27
1013,2026-02-23T21:04:28.104067,0,6.69,53.32,Position Falsification,0.7,MEDIUM,0.3219,,{},2026-02-23 21:04:28
1014,2026-02-23T21:04:28.104067,3,94.33,37.92,GPS Spoofing,0.9,HIGH,0.4,,{},2026-02-23 21:04:28
1015,2026-02-23T21:04:28.104067,6,26.79,19.42,GPS Spoofing,1.0,HIGH,0.4,,{},2026-02-23 21:04:28
1016,2026-02-23T21:04:28.104067,9,25.0,60.05,GPS Spoofing,1.0,HIGH,0.298,,{},2026-02-23 21:04:28
1017,2026-02-23T21:04:28.104067,12,66.95,29.04,GPS Spoofing,1.0,HIGH,0.4,,{},2026-02-23 21:04:28
1018,2026-02-23T21:04:28.286312,0,2.15,51.27,Position Falsification,0.7,MEDIUM,0.328,,{},2026-02-23 21:04:28
1019,2026-02-23T21:04:28.286876,3,92.72,40.0,GPS Spoofing,0.9,HIGH,0.3722,,{},2026-02-23 21:04:28
1020,2026-02-23T21:04:28.286876,6,26.53,18.36,GPS Spoofing,1.0,HIGH,0.4,,{},2026-02-23 21:04:28
1021,2026-02-23T21:04:28.287980,9,27.3,61.09,GPS Spoofing,1.0,HIGH,0.391,,{},2026-02-23 21:04:28
1022,2026-02-23T21:04:28.287980,12,63.74,25.29,GPS Spoofing,1.0,HIGH,0.4,,{},2026-02-23 21:04:28
1023,2026-02-23T21:04:28.487194,0,0.0,49.22,Position Falsification,0.7,MEDIUM,0.4,,{},2026-02-23 21:04:28
1024,2026-02-23T21:04:28.488219,3,91.12,42.09,GPS Spoofing,0.9,HIGH,0.3995,,{},2026-02-23 21:04:28
1025,2026-02-23T21:04:28.488219,6,21.58,23.0,GPS Spoofing,1.0,HIGH,0.4,,{},2026-02-23 21:04:28
1026,2026-02-23T21:04:28.488544,9,29.61,62.12,GPS Spoofing,1.0,HIGH,0.3089,,{},2026-02-23 21:04:28
1027,2026-02-23T21:04:28.488544,12,60.54,21.54,GPS Spoofing,1.0,HIGH,0.3819,,{},2026-02-23 21:04:28
1028,2026-02-23T21:04:28.682018,0,4.54,47.16,Position Falsification,0.7,MEDIUM,0.4,,{},2026-02-23 21:04:28
1029,2026-02-23T21:04:28.682018,3,89.51,44.17,Position Falsification,0.6,MEDIUM,0.2605,,{},2026-02-23 21:04:28
1030,2026-02-23T21:04:28.682018,6,24.24,26.94,GPS Spoofing,1.0,HIGH,0.4,,{},2026-02-23 21:04:28
1031,2026-02-23T21:04:28.686156,9,31.91,63.16,GPS Spoofing,1.0,HIGH,0.3542,,{},2026-02-23 21:04:28
1032,2026-02-23T21:04:28.686156,12,57.33,17.79,GPS Spoofing,1.0,HIGH,0.4,,{},2026-02-23 21:04:28
1033,2026-02-23T21:04:28.886171,0,9.07,45.11,Position Falsification,0.3,LOW,0.4,,{},2026-02-23 21:04:28
1034,2026-02-23T21:04:28.886171,3,87.91,46.25,Replay Attack,0.3,NONE,0.3619,,{},2026-02-23 21:04:28
1035,2026-02-23T21:04:28.887184,6,24.45,31.03,GPS Spoofing,1.0,HIGH,0.4,,{},2026-02-23 21:04:28
1036,2026-02-23T21:04:28.887184,9,26.99,65.01,GPS Spoofing,1.0,HIGH,0.3671,,{},2026-02-23 21:04:28
1037,2026-02-23T21:04:28.887596,12,60.02,20.49,GPS Spoofing,1.0,HIGH,0.3866,,{},2026-02-23 21:04:28
1038,2026-02-23T21:04:29.103817,0,13.61,43.06,Position Falsification,0.3,LOW,0.4,,{},2026-02-23 21:04:29
1039,2026-02-23T21:04:29.103817,3,90.51,43.1,Unknown Attack,0.5,LOW,0.2936,,{},2026-02-23 21:04:29
1040,2026-02-23T21:04:29.103817,6,25.79,31.71,GPS Spoofing,0.9,HIGH,0.4,,{},2026-02-23 21:04:29
1041,2026-02-23T21:04:29.103817,9,29.71,69.61,GPS Spoofing,1.0,HIGH,0.3258,,{},2026-02-23 21:04:29
1042,2026-02-23T21:04:29.103817,12,62.33,25.37,GPS Spoofing,1.0,HIGH,0.341,,{},2026-02-23 21:04:29
1043,2026-02-23T21:04:29.278997,0,9.53,47.9,Message Tampering,0.8,MEDIUM,0.4,,{},2026-02-23 21:04:29
1044,2026-02-23T21:04:29.278997,3,93.42,43.05,Unknown Attack,0.5,LOW,0.3538,,{},2026-02-23 21:04:29
1045,2026-02-23T21:04:29.278997,6,27.13,32.4,GPS Spoofing,1.0,HIGH,0.4,,{},2026-02-23 21:04:29
1046,2026-02-23T21:04:29.285965,9,28.46,69.83,GPS Spoofing,0.9,HIGH,0.4,,{},2026-02-23 21:04:29
1047,2026-02-23T21:04:29.285965,12,61.61,21.03,GPS Spoofing,1.0,HIGH,0.4,,{},2026-02-23 21:04:29
1048,2026-02-23T21:04:29.487317,0,5.45,52.74,Message Tampering,0.8,MEDIUM,0.4,,{},2026-02-23 21:04:29
1049,2026-02-23T21:04:29.487317,3,94.34,44.43,Unknown Attack,0.5,LOW,0.2568,,{},2026-02-23 21:04:29
1050,2026-02-23T21:04:29.487317,6,28.47,33.08,GPS Spoofing,1.0,HIGH,0.4,,{},2026-02-23 21:04:29
1051,2026-02-23T21:04:29.487317,9,24.96,69.66,GPS Spoofing,0.9,HIGH,0.4,,{},2026-02-23 21:04:29
1052,2026-02-23T21:04:29.488259,12,60.88,16.69,GPS Spoofing,1.0,HIGH,0.3768,,{},2026-02-23 21:04:29
1053,2026-02-23T21:04:29.680403,0,5.7,56.32,Message Tampering,0.5,MEDIUM,0.4,,{},2026-02-23 21:04:29
1054,2026-02-23T21:04:29.686044,3,96.03,47.31,Unknown Attack,0.5,LOW,0.2762,,{},2026-02-23 21:04:29
1055,2026-02-23T21:04:29.686044,6,29.81,33.77,GPS Spoofing,1.0,HIGH,0.4,,{},2026-02-23 21:04:29
1056,2026-02-23T21:04:29.686044,9,21.46,69.49,Unknown Attack,0.5,LOW,0.4,,{},2026-02-23 21:04:29
1057,2026-02-23T21:04:29.686044,12,57.67,12.14,GPS Spoofing,1.0,HIGH,0.4,,{},2026-02-23 21:04:29
1058,2026-02-23T21:04:29.886080,0,5.96,59.91,Message Tampering,0.5,MEDIUM,0.4,,{},2026-02-23 21:04:29
1059,2026-02-23T21:04:29.886974,3,97.72,50.2,Unknown Attack,0.5,LOW,0.3596,,{},2026-02-23 21:04:29
1060,2026-02-23T21:04:29.886974,6,28.16,35.55,GPS Spoofing,1.0,HIGH,0.4,,{},2026-02-23 21:04:29
1061,2026-02-23T21:04:29.886974,9,21.75,73.93,Message Tampering,0.5,MEDIUM,0.4,,{},2026-02-23 21:04:29
1062,2026-02-23T21:04:29.886974,12,58.35,15.97,GPS Spoofing,1.0,HIGH,0.4,,{},2026-02-23 21:04:29
1063,2026-02-23T21:04:30.088512,0,6.21,63.49,Position Falsification,0.3,LOW,0.3844,,{},2026-02-23 21:04:30
1064,2026-02-23T21:04:30.088512,3,99.4,53.08,Unknown Attack,0.5,LOW,0.3297,,{},2026-02-23 21:04:30
1065,2026-02-23T21:04:30.088512,6,26.51,37.33,GPS Spoofing,1.0,HIGH,0.4,,{},2026-02-23 21:04:30
1066,2026-02-23T21:04:30.094350,9,22.05,78.38,Position Falsification,0.7,MEDIUM,0.4,,{},2026-02-23 21:04:30
1067,2026-02-23T21:04:30.094350,12,59.03,19.79,GPS Spoofing,1.0,HIGH,0.4,,{},2026-02-23 21:04:30
1068,2026-02-23T21:04:30.288592,0,3.69,63.7,Position Falsification,0.3,LOW,0.4,,{},2026-02-23 21:04:30
1069,2026-02-23T21:04:30.288592,3,100.0,55.97,Position Falsification,0.7,MEDIUM,0.4,,{},2026-02-23 21:04:30
1070,2026-02-23T21:04:30.288592,6,24.87,39.12,GPS Spoofing,1.0,HIGH,0.3107,,{},2026-02-23 21:04:30
1071,2026-02-23T21:04:30.288592,9,22.34,82.82,GPS Spoofing,0.9,HIGH,0.4,,{},2026-02-23 21:04:30
1072,2026-02-23T21:04:30.288592,12,63.2,18.54,GPS Spoofing,1.0,HIGH,0.4,,{},2026-02-23 21:04:30
1073,2026-02-23T21:04:30.488036,0,1.17,63.92,Position Falsification,0.3,LOW,0.3962,,{},2026-02-23 21:04:30
1074,2026-02-23T21:04:30.488036,3,98.31,58.85,Position Falsification,0.7,MEDIUM,0.3486,,{},2026-02-23 21:04:30
1075,2026-02-23T21:04:30.488036,6,24.9,36.51,GPS Spoofing,1.0,HIGH,0.2967,,{},2026-02-23 21:04:30
1076,2026-02-23T21:04:30.488036,9,22.64,87.26,GPS Spoofing,1.0,HIGH,0.4,,{},2026-02-23 21:04:30
1077,2026-02-23T21:04:30.488036,12,67.36,17.29,GPS Spoofing,1.0,HIGH,0.4,,{},2026-02-23 21:04:30
1078,2026-02-23T21:04:30.682115,0,0.0,64.14,Position Falsification,0.3,LOW,0.4,,{},2026-02-23 21:04:30
1079,2026-02-23T21:04:30.685852,3,96.63,61.74,Position Falsification,0.7,MEDIUM,0.3131,,{},2026-02-23 21:04:30
1080,2026-02-23T21:04:30.685852,6,24.93,33.89,GPS Spoofing,1.0,HIGH,0.324,,{},2026-02-23 21:04:30
1081,2026-02-23T21:04:30.685852,9,26.02,90.7,GPS Spoofing,1.0,HIGH,0.4,,{},2026-02-23 21:04:30
1082,2026-02-23T21:04:30.686500,12,63.01,17.66,GPS Spoofing,1.0,HIGH,0.4,,{},2026-02-23 21:04:30
1083,2026-02-23T21:04:30.887366,0,2.52,64.35,Unknown Attack,0.5,LOW,0.3784,,{},2026-02-23 21:04:30
1084,2026-02-23T21:04:30.888476,3,94.94,64.62,GPS Spoofing,0.9,HIGH,0.2441,,{},2026-02-23 21:04:30
1085,2026-02-23T21:04:30.888476,6,24.96,31.28,GPS Spoofing,1.0,HIGH,0.3152,,{},2026-02-23 21:04:30
1086,2026-02-23T21:04:30.888974,9,28.78,92.85,GPS Spoofing,1.0,HIGH,0.3635,,{},2026-02-23 21:04:30
1087,2026-02-23T21:04:30.888974,12,62.19,22.15,GPS Spoofing,1.0,HIGH,0.4,,{},2026-02-23 21:04:30
1088,2026-02-23T21:04:31.094702,0,5.04,64.57,Unknown Attack,0.5,LOW,0.4,,{},2026-02-23 21:04:31
1089,2026-02-23T21:04:31.094702,3,93.25,67.51,GPS Spoofing,1.0,HIGH,0.2236,,{},2026-02-23 21:04:31
1090,2026-02-23T21:04:31.095277,6,24.99,28.67,GPS Spoofing,1.0,HIGH,0.272,,{},2026-02-23 21:04:31
1091,2026-02-23T21:04:31.095277,9,31.54,94.99,GPS Spoofing,1.0,HIGH,0.3946,,{},2026-02-23 21:04:31
1092,2026-02-23T21:04:31.095277,12,66.62,17.88,GPS Spoofing,1.0,HIGH,0.4,,{},2026-02-23 21:04:31
1093,2026-02-23T21:04:31.285775,0,7.56,64.78,Unknown Attack,0.5,LOW,0.3381,,{},2026-02-23 21:04:31
1094,2026-02-23T21:04:31.285775,3,91.56,70.39,GPS Spoofing,1.0,HIGH,0.3144,,{},2026-02-23 21:04:31
1095,2026-02-23T21:04:31.286290,6,22.55,28.52,GPS Spoofing,1.0,HIGH,0.3592,,{},2026-02-23 21:04:31
1096,2026-02-23T21:04:31.286290,9,34.5,93.77,GPS Spoofing,1.0,HIGH,0.3718,,{},2026-02-23 21:04:31
1097,2026-02-23T21:04:31.286741,12,71.05,13.62,GPS Spoofing,1.0,HIGH,0.4,,{},2026-02-23 21:04:31
1098,2026-02-23T21:04:31.485703,0,10.08,65.0,Unknown Attack,0.5,LOW,0.2748,,{},2026-02-23 21:04:31
1099,2026-02-23T21:04:31.486628,3,89.88,73.28,GPS Spoofing,1.0,HIGH,0.1755,,{},2026-02-23 21:04:31
1100,2026-02-23T21:04:31.486930,6,20.11,28.36,GPS Spoofing,1.0,HIGH,0.3608,,{},2026-02-23 21:04:31
1101,2026-02-23T21:04:31.486930,9,37.46,92.55,GPS Spoofing,1.0,HIGH,0.2661,,{},2026-02-23 21:04:31
1102,2026-02-23T21:04:31.486930,12,75.49,9.35,GPS Spoofing,1.0,HIGH,0.4,,{},2026-02-23 21:04:31
1103,2026-02-23T21:04:31.686606,0,12.6,65.21,Unknown Attack,0.5,LOW,0.2764,,{},2026-02-23 21:04:31
1104,2026-02-23T21:04:31.686606,3,88.19,76.16,GPS Spoofing,1.0,HIGH,0.231,,{},2026-02-23 21:04:31
1105,2026-02-23T21:04:31.686606,6,17.67,28.21,GPS Spoofing,0.9,HIGH,0.3553,,{},2026-02-23 21:04:31
1106,2026-02-23T21:04:31.686606,9,37.52,96.81,GPS Spoofing,1.0,HIGH,0.2975,,{},2026-02-23 21:04:31
1107,2026-02-23T21:04:31.686606,12,79.92,5.08,GPS Spoofing,1.0,HIGH,0.4,,{},2026-02-23 21:04:31
1108,2026-02-23T21:04:31.887829,0,8.72,63.47,Unknown Attack,0.5,LOW,0.3662,,{},2026-02-23 21:04:31
1109,2026-02-23T21:04:31.887829,3,86.5,79.05,GPS Spoofing,1.0,HIGH,0.182,,{},2026-02-23 21:04:31
1110,2026-02-23T21:04:31.887829,6,15.23,28.06,GPS Spoofing,0.9,HIGH,0.2684,,{},2026-02-23 21:04:31
1111,2026-02-23T21:04:31.888445,9,37.58,100.0,GPS Spoofing,1.0,HIGH,0.3876,,{},2026-02-23 21:04:31
1112,2026-02-23T21:04:31.888445,12,84.35,0.81,GPS Spoofing,1.0,HIGH,0.4,,{},2026-02-23 21:04:31
1113,2026-02-23T21:04:32.102219,0,4.85,61.73,Unknown Attack,0.5,LOW,0.3015,,{},2026-02-23 21:04:32
1114,2026-02-23T21:04:32.102219,3,84.82,81.93,GPS Spoofing,1.0,HIGH,0.2163,,{},2026-02-23 21:04:32
1115,2026-02-23T21:04:32.102219,6,12.79,27.9,GPS Spoofing,0.9,HIGH,0.3319,,{},2026-02-23 21:04:32
1116,2026-02-23T21:04:32.102219,9,32.64,96.01,GPS Spoofing,1.0,HIGH,0.4,,{},2026-02-23 21:04:32
1117,2026-02-23T21:04:32.102219,12,88.79,0.0,GPS Spoofing,1.0,HIGH,0.4,,{},2026-02-23 21:04:32
1118,2026-02-23T21:04:32.284219,0,6.32,60.16,Unknown Attack,0.5,LOW,0.2877,,{},2026-02-23 21:04:32
1119,2026-02-23T21:04:32.284219,3,83.13,84.81,GPS Spoofing,1.0,HIGH,0.226,,{},2026-02-23 21:04:32
1120,2026-02-23T21:04:32.284219,6,10.11,27.57,GPS Spoofing,0.9,HIGH,0.2403,,{},2026-02-23 21:04:32
1121,2026-02-23T21:04:32.284219,9,31.34,100.0,GPS Spoofing,1.0,HIGH,0.4,,{},2026-02-23 21:04:32
1122,2026-02-23T21:04:32.284219,12,93.22,4.27,Position Falsification,0.7,MEDIUM,0.4,,{},2026-02-23 21:04:32
1123,2026-02-23T21:04:32.486525,0,7.79,58.59,Unknown Attack,0.5,LOW,0.2931,,{},2026-02-23 21:04:32
1124,2026-02-23T21:04:32.487616,3,81.44,87.7,GPS Spoofing,1.0,HIGH,0.261,,{},2026-02-23 21:04:32
1125,2026-02-23T21:04:32.487616,6,7.87,27.37,GPS Spoofing,1.0,HIGH,0.2927,,{},2026-02-23 21:04:32
1126,2026-02-23T21:04:32.487616,9,28.66,100.0,GPS Spoofing,1.0,HIGH,0.4,,{},2026-02-23 21:04:32
1127,2026-02-23T21:04:32.488010,12,97.65,8.54,Position Falsification,0.7,MEDIUM,0.3721,,{},2026-02-23 21:04:32
1128,2026-02-23T21:04:32.685520,0,9.26,57.02,Unknown Attack,0.5,LOW,0.3119,,{},2026-02-23 21:04:32
1129,2026-02-23T21:04:32.686095,3,79.76,90.58,GPS Spoofing,1.0,HIGH,0.1946,,{},2026-02-23 21:04:32
1130,2026-02-23T21:04:32.686095,6,5.63,27.18,GPS Spoofing,1.0,HIGH,0.1812,,{},2026-02-23 21:04:32
1131,2026-02-23T21:04:32.686495,9,25.98,98.23,GPS Spoofing,1.0,HIGH,0.4,,{},2026-02-23 21:04:32
1132,2026-02-23T21:04:32.686495,12,100.0,12.8,Position Falsification,0.7,MEDIUM,0.3787,,{},2026-02-23 21:04:32
1133,2026-02-23T21:04:32.886491,0,10.73,55.46,Unknown Attack,0.5,LOW,0.3652,,{},2026-02-23 21:04:32
1134,2026-02-23T21:04:32.886491,3,78.07,93.47,GPS Spoofing,1.0,HIGH,0.1999,,{},2026-02-23 21:04:32
1135,2026-02-23T21:04:32.887320,6,3.39,26.98,GPS Spoofing,1.0,HIGH,0.2821,,{},2026-02-23 21:04:32
1136,2026-02-23T21:04:32.887320,9,25.81,100.0,GPS Spoofing,1.0,HIGH,0.4,,{},2026-02-23 21:04:32
1137,2026-02-23T21:04:32.887638,12,95.57,17.07,Position Falsification,0.7,MEDIUM,0.3651,,{},2026-02-23 21:04:32
1138,2026-02-23T21:04:33.078210,0,12.2,53.89,Unknown Attack,0.5,LOW,0.343,,{},2026-02-23 21:04:33
1139,2026-02-23T21:04:33.078210,3,76.38,96.35,GPS Spoofing,1.0,HIGH,0.2301,,{},2026-02-23 21:04:33
1140,2026-02-23T21:04:33.078210,6,5.62,31.29,GPS Spoofing,1.0,HIGH,0.2578,,{},2026-02-23 21:04:33
1141,2026-02-23T21:04:33.078210,9,25.89,97.06,GPS Spoofing,1.0,HIGH,0.4,,{},2026-02-23 21:04:33
1142,2026-02-23T21:04:33.078210,12,91.13,21.34,Position Falsification,0.7,MEDIUM,0.4,,{},2026-02-23 21:04:33
1143,2026-02-23T21:04:33.285533,0,13.67,52.32,Unknown Attack,0.5,LOW,0.3099,,{},2026-02-23 21:04:33
1144,2026-02-23T21:04:33.285533,3,74.69,99.24,GPS Spoofing,1.0,HIGH,0.1213,,{},2026-02-23 21:04:33
1145,2026-02-23T21:04:33.285533,6,7.86,35.61,GPS Spoofing,1.0,HIGH,0.3506,,{},2026-02-23 21:04:33
1146,2026-02-23T21:04:33.285533,9,25.44,99.44,GPS Spoofing,1.0,HIGH,0.4,,{},2026-02-23 21:04:33
1147,2026-02-23T21:04:33.286536,12,86.7,25.61,GPS Spoofing,1.0,HIGH,0.4,,{},2026-02-23 21:04:33
1148,2026-02-23T21:04:33.485362,0,11.41,49.75,Position Falsification,0.4,MEDIUM,0.3089,,{},2026-02-23 21:04:33
1149,2026-02-23T21:04:33.485362,3,73.01,100.0,GPS Spoofing,0.9,HIGH,0.2837,,{},2026-02-23 21:04:33
1150,2026-02-23T21:04:33.486465,6,10.09,39.92,GPS Spoofing,1.0,HIGH,0.267,,{},2026-02-23 21:04:33
1151,2026-02-23T21:04:33.486786,9,24.99,100.0,GPS Spoofing,1.0,HIGH,0.4,,{},2026-02-23 21:04:33
1152,2026-02-23T21:04:33.486786,12,82.27,29.87,GPS Spoofing,1.0,HIGH,0.4,,{},2026-02-23 21:04:33
1153,2026-02-23T21:04:33.680196,0,7.17,54.08,Position Falsification,0.7,MEDIUM,0.3329,,{},2026-02-23 21:04:33
1154,2026-02-23T21:04:33.680196,3,74.58,98.02,GPS Spoofing,0.9,HIGH,0.2073,,{},2026-02-23 21:04:33
1155,2026-02-23T21:04:33.680196,6,13.13,36.48,GPS Spoofing,1.0,HIGH,0.4,,{},2026-02-23 21:04:33
1156,2026-02-23T21:04:33.680196,9,24.35,95.28,GPS Spoofing,1.0,HIGH,0.4,,{},2026-02-23 21:04:33
1157,2026-02-23T21:04:33.685624,12,82.95,26.67,GPS Spoofing,1.0,HIGH,0.4,,{},2026-02-23 21:04:33
1158,2026-02-23T21:04:33.885406,0,2.92,58.4,Position Falsification,0.7,MEDIUM,0.2986,,{},2026-02-23 21:04:33
1159,2026-02-23T21:04:33.886610,3,74.2,95.55,GPS Spoofing,0.9,HIGH,0.2708,,{},2026-02-23 21:04:33
1160,2026-02-23T21:04:33.886610,6,11.25,36.4,GPS Spoofing,1.0,HIGH,0.3587,,{},2026-02-23 21:04:33
1161,2026-02-23T21:04:33.887115,9,23.71,90.57,GPS Spoofing,1.0,HIGH,0.4,,{},2026-02-23 21:04:33
1162,2026-02-23T21:04:33.887115,12,83.63,23.47,GPS Spoofing,1.0,HIGH,0.3509,,{},2026-02-23 21:04:33
1163,2026-02-23T21:04:34.080138,0,0.0,62.72,Position Falsification,1.0,HIGH,0.3326,,{},2026-02-23 21:04:34
1164,2026-02-23T21:04:34.080138,3,73.82,93.09,Position Falsification,0.4,MEDIUM,0.308,,{},2026-02-23 21:04:34
1165,2026-02-23T21:04:34.080138,6,6.82,35.3,GPS Spoofing,0.9,HIGH,0.4,,{},2026-02-23 21:04:34
1166,2026-02-23T21:04:34.080138,9,23.06,85.85,GPS Spoofing,1.0,HIGH,0.4,,{},2026-02-23 21:04:34
1167,2026-02-23T21:04:34.080138,12,84.32,20.28,GPS Spoofing,1.0,HIGH,0.4,,{},2026-02-23 21:04:34
1168,2026-02-23T21:04:34.277403,0,4.24,67.05,Position Falsification,1.0,HIGH,0.3767,,{},2026-02-23 21:04:34
1169,2026-02-23T21:04:34.277403,3,69.5,92.93,Unknown Attack,0.5,LOW,0.3477,,{},2026-02-23 21:04:34
1170,2026-02-23T21:04:34.277403,6,2.39,34.2,Position Falsification,0.6,MEDIUM,0.4,,{},2026-02-23 21:04:34
1171,2026-02-23T21:04:34.277403,9,22.42,81.14,GPS Spoofing,1.0,HIGH,0.4,,{},2026-02-23 21:04:34
1172,2026-02-23T21:04:34.277403,12,80.49,17.27,GPS Spoofing,1.0,HIGH,0.4,,{},2026-02-23 21:04:34
1173,2026-02-23T21:04:34.486278,0,8.49,71.37,Position Falsification,1.0,HIGH,0.4,,{},2026-02-23 21:04:34
1174,2026-02-23T21:04:34.486278,3,65.18,92.78,Position Falsification,0.4,MEDIUM,0.3382,,{},2026-02-23 21:04:34
1175,2026-02-23T21:04:34.486278,6,0.0,33.1,Message Tampering,0.5,MEDIUM,0.4,,{},2026-02-23 21:04:34
1176,2026-02-23T21:04:34.486278,9,22.99,84.87,GPS Spoofing,0.9,HIGH,0.3722,,{},2026-02-23 21:04:34
1177,2026-02-23T21:04:34.486278,12,78.52,21.89,GPS Spoofing,1.0,HIGH,0.3778,,{},2026-02-23 21:04:34
1178,2026-02-23T21:04:34.688100,0,11.8,76.03,Position Falsification,1.0,HIGH,0.4,,{},2026-02-23 21:04:34
1179,2026-02-23T21:04:34.688100,3,60.86,92.62,Position Falsification,0.6,MEDIUM,0.396,,{},2026-02-23 21:04:34
1180,2026-02-23T21:04:34.688100,6,0.3,34.18,Message Tampering,0.5,MEDIUM,0.4,,{},2026-02-23 21:04:34
1181,2026-02-23T21:04:34.688100,9,23.55,88.6,GPS Spoofing,0.9,HIGH,0.4,,{},2026-02-23 21:04:34
1182,2026-02-23T21:04:34.688100,12,82.73,25.28,GPS Spoofing,1.0,HIGH,0.4,,{},2026-02-23 21:04:34
1183,2026-02-23T21:04:34.886136,0,15.11,80.69,GPS Spoofing,1.0,HIGH,0.4,,{},2026-02-23 21:04:34
1184,2026-02-23T21:04:34.887121,3,56.54,92.47,Position Falsification,0.6,MEDIUM,0.4,,{},2026-02-23 21:04:34
1185,2026-02-23T21:04:34.887121,6,0.6,35.27,Unknown Attack,0.5,LOW,0.4,,{},2026-02-23 21:04:34
1186,2026-02-23T21:04:34.887121,9,24.11,92.33,GPS Spoofing,0.9,HIGH,0.3511,,{},2026-02-23 21:04:34
1187,2026-02-23T21:04:34.887121,12,86.95,28.67,GPS Spoofing,1.0,HIGH,0.4,,{},2026-02-23 21:04:34
1188,2026-02-23T21:04:35.085269,0,12.94,77.62,GPS Spoofing,1.0,HIGH,0.4,,{},2026-02-23 21:04:35
1189,2026-02-23T21:04:35.085269,3,52.22,92.31,Position Falsification,0.6,MEDIUM,0.2812,,{},2026-02-23 21:04:35
1190,2026-02-23T21:04:35.085269,6,0.0,38.28,Position Falsification,0.7,MEDIUM,0.4,,{},2026-02-23 21:04:35
1191,2026-02-23T21:04:35.085269,9,24.68,96.06,GPS Spoofing,0.9,HIGH,0.3785,,{},2026-02-23 21:04:35
1192,2026-02-23T21:04:35.085269,12,91.16,32.06,GPS Spoofing,1.0,HIGH,0.4,,{},2026-02-23 21:04:35
1193,2026-02-23T21:04:35.286003,0,10.77,74.55,GPS Spoofing,1.0,HIGH,0.4,,{},2026-02-23 21:04:35
1194,2026-02-23T21:04:35.286003,3,52.48,95.6,Position Falsification,0.6,MEDIUM,0.2736,,{},2026-02-23 21:04:35
1195,2026-02-23T21:04:35.286003,6,1.02,41.28,GPS Spoofing,0.9,HIGH,0.4,,{},2026-02-23 21:04:35
1196,2026-02-23T21:04:35.286003,9,25.24,99.79,Position Falsification,0.6,MEDIUM,0.3071,,{},2026-02-23 21:04:35
1197,2026-02-23T21:04:35.287151,12,94.69,28.01,GPS Spoofing,1.0,HIGH,0.4,,{},2026-02-23 21:04:35
1198,2026-02-23T21:04:35.488684,0,12.7,74.76,GPS Spoofing,1.0,HIGH,0.4,,{},2026-02-23 21:04:35
1199,2026-02-23T21:04:35.488684,3,53.4,92.33,Position Falsification,0.6,MEDIUM,0.364,,{},2026-02-23 21:04:35
1200,2026-02-23T21:04:35.488684,6,2.03,44.29,GPS Spoofing,0.9,HIGH,0.4,,{},2026-02-23 21:04:35
1201,2026-02-23T21:04:35.488684,9,25.8,100.0,GPS Spoofing,1.0,HIGH,0.2965,,{},2026-02-23 21:04:35
1202,2026-02-23T21:04:35.488684,12,98.23,23.96,GPS Spoofing,1.0,HIGH,0.4,,{},2026-02-23 21:04:35
1203,2026-02-23T21:04:35.688095,0,14.63,74.97,GPS Spoofing,1.0,HIGH,0.4,,{},2026-02-23 21:04:35
1204,2026-02-23T21:04:35.688095,3,54.32,89.06,Position Falsification,0.6,MEDIUM,0.3663,,{},2026-02-23 21:04:35
1205,2026-02-23T21:04:35.688095,6,3.86,41.66,GPS Spoofing,1.0,HIGH,0.4,,{},2026-02-23 21:04:35
1206,2026-02-23T21:04:35.688095,9,25.81,100.0,GPS Spoofing,1.0,HIGH,0.3353,,{},2026-02-23 21:04:35
1207,2026-02-23T21:04:35.688095,12,100.0,19.91,GPS Spoofing,1.0,HIGH,0.4,,{},2026-02-23 21:04:35
1208,2026-02-23T21:04:35.888301,0,16.55,75.18,GPS Spoofing,1.0,HIGH,0.3575,,{},2026-02-23 21:04:35
1209,2026-02-23T21:04:35.888301,3,55.69,90.6,Position Falsification,0.6,MEDIUM,0.327,,{},2026-02-23 21:04:35
1210,2026-02-23T21:04:35.888301,6,5.69,39.03,GPS Spoofing,1.0,HIGH,0.4,,{},2026-02-23 21:04:35
1211,2026-02-23T21:04:35.888301,9,25.81,98.36,GPS Spoofing,1.0,HIGH,0.3683,,{},2026-02-23 21:04:35
1212,2026-02-23T21:04:35.888301,12,100.0,21.2,GPS Spoofing,1.0,HIGH,0.4,,{},2026-02-23 21:04:35
1213,2026-02-23T21:04:36.077893,0,16.79,73.17,GPS Spoofing,1.0,HIGH,0.4,,{},2026-02-23 21:04:36
1214,2026-02-23T21:04:36.085148,3,57.06,92.13,Position Falsification,0.6,MEDIUM,0.3347,,{},2026-02-23 21:04:36
1215,2026-02-23T21:04:36.085528,6,4.95,38.62,GPS Spoofing,1.0,HIGH,0.3997,,{},2026-02-23 21:04:36
1216,2026-02-23T21:04:36.086183,9,29.3,93.96,GPS Spoofing,1.0,HIGH,0.338,,{},2026-02-23 21:04:36
1217,2026-02-23T21:04:36.086183,12,98.04,22.49,Position Falsification,0.6,MEDIUM,0.4,,{},2026-02-23 21:04:36
1218,2026-02-23T21:04:36.286208,0,17.03,71.17,GPS Spoofing,1.0,HIGH,0.4,,{},2026-02-23 21:04:36
1219,2026-02-23T21:04:36.288673,3,58.43,93.66,Position Falsification,0.6,MEDIUM,0.4,,{},2026-02-23 21:04:36
1220,2026-02-23T21:04:36.288673,6,4.21,38.2,GPS Spoofing,1.0,HIGH,0.4,,{},2026-02-23 21:04:36
1221,2026-02-23T21:04:36.288673,9,32.79,89.57,GPS Spoofing,1.0,HIGH,0.3151,,{},2026-02-23 21:04:36
1222,2026-02-23T21:04:36.288673,12,97.27,18.7,Position Falsification,0.6,MEDIUM,0.4,,{},2026-02-23 21:04:36
1223,2026-02-23T21:04:36.488301,0,17.27,69.17,GPS Spoofing,1.0,HIGH,0.4,,{},2026-02-23 21:04:36
1224,2026-02-23T21:04:36.488301,3,61.13,94.02,Unknown Attack,0.5,LOW,0.4,,{},2026-02-23 21:04:36
1225,2026-02-23T21:04:36.488301,6,3.46,37.78,GPS Spoofing,1.0,HIGH,0.3161,,{},2026-02-23 21:04:36
1226,2026-02-23T21:04:36.488301,9,36.27,85.17,GPS Spoofing,0.9,HIGH,0.3947,,{},2026-02-23 21:04:36
1227,2026-02-23T21:04:36.488301,12,98.4,16.94,Position Falsification,0.3,LOW,0.4,,{},2026-02-23 21:04:36
1228,2026-02-23T21:04:36.687524,0,17.51,67.16,GPS Spoofing,1.0,HIGH,0.3377,,{},2026-02-23 21:04:36
1229,2026-02-23T21:04:36.687524,3,57.6,95.38,Position Falsification,0.6,MEDIUM,0.4,,{},2026-02-23 21:04:36
1230,2026-02-23T21:04:36.687524,6,2.72,37.36,GPS Spoofing,1.0,HIGH,0.3384,,{},2026-02-23 21:04:36
1231,2026-02-23T21:04:36.687524,9,39.76,80.77,GPS Spoofing,0.9,HIGH,0.3964,,{},2026-02-23 21:04:36
1232,2026-02-23T21:04:36.687524,12,99.53,15.17,Position Falsification,0.3,LOW,0.4,,{},2026-02-23 21:04:36
1233,2026-02-23T21:04:36.888453,0,17.75,65.16,GPS Spoofing,1.0,HIGH,0.3085,,{},2026-02-23 21:04:36
1234,2026-02-23T21:04:36.888453,3,62.19,91.81,GPS Spoofing,1.0,HIGH,0.4,,{},2026-02-23 21:04:36
1235,2026-02-23T21:04:36.888453,6,1.98,36.94,GPS Spoofing,0.9,HIGH,0.3788,,{},2026-02-23 21:04:36
1236,2026-02-23T21:04:36.888453,9,43.25,76.38,GPS Spoofing,0.9,HIGH,0.3198,,{},2026-02-23 21:04:36
1237,2026-02-23T21:04:36.888453,12,100.0,13.41,Position Falsification,0.7,MEDIUM,0.4,,{},2026-02-23 21:04:36
1238,2026-02-23T21:04:37.084022,0,18.0,63.15,GPS Spoofing,1.0,HIGH,0.2129,,{},2026-02-23 21:04:37
1239,2026-02-23T21:04:37.084022,3,64.06,89.1,GPS Spoofing,0.9,HIGH,0.4,,{},2026-02-23 21:04:37
1240,2026-02-23T21:04:37.084022,6,1.24,36.53,GPS Spoofing,0.9,HIGH,0.3788,,{},2026-02-23 21:04:37
1241,2026-02-23T21:04:37.084022,9,39.12,79.11,Position Falsification,0.6,MEDIUM,0.4,,{},2026-02-23 21:04:37
1242,2026-02-23T21:04:37.084022,12,98.87,11.65,Position Falsification,0.7,MEDIUM,0.4,,{},2026-02-23 21:04:37
1243,2026-02-23T21:04:37.285938,0,16.15,61.96,GPS Spoofing,0.9,HIGH,0.2675,,{},2026-02-23 21:04:37
1244,2026-02-23T21:04:37.285938,3,65.94,86.38,GPS Spoofing,0.9,HIGH,0.4,,{},2026-02-23 21:04:37
1245,2026-02-23T21:04:37.285938,6,0.5,36.11,Position Falsification,0.7,MEDIUM,0.3346,,{},2026-02-23 21:04:37
1246,2026-02-23T21:04:37.285938,9,43.8,81.99,Position Falsification,0.7,MEDIUM,0.3905,,{},2026-02-23 21:04:37
1247,2026-02-23T21:04:37.285938,12,100.0,8.35,Position Falsification,0.7,MEDIUM,0.4,,{},2026-02-23 21:04:37
1248,2026-02-23T21:04:37.486536,0,14.3,60.76,GPS Spoofing,0.9,HIGH,0.239,,{},2026-02-23 21:04:37
1249,2026-02-23T21:04:37.486536,3,62.19,90.44,GPS Spoofing,1.0,HIGH,0.4,,{},2026-02-23 21:04:37
1250,2026-02-23T21:04:37.486536,6,3.63,38.66,Unknown Attack,0.5,LOW,0.3233,,{},2026-02-23 21:04:37
1251,2026-02-23T21:04:37.486536,9,48.48,84.88,Position Falsification,0.7,MEDIUM,0.4,,{},2026-02-23 21:04:37
1252,2026-02-23T21:04:37.486536,12,95.22,10.93,Position Falsification,1.0,HIGH,0.3943,,{},2026-02-23 21:04:37
1253,2026-02-23T21:04:37.696393,0,13.92,65.65,GPS Spoofing,1.0,HIGH,0.2266,,{},2026-02-23 21:04:37
1254,2026-02-23T21:04:37.696393,3,58.45,94.5,GPS Spoofing,1.0,HIGH,0.4,,{},2026-02-23 21:04:37
1255,2026-02-23T21:04:37.696393,6,6.75,41.2,Unknown Attack,0.5,LOW,0.2065,,{},2026-02-23 21:04:37
1256,2026-02-23T21:04:37.696393,9,49.53,83.16,Message Tampering,0.5,MEDIUM,0.4,,{},2026-02-23 21:04:37
1257,2026-02-23T21:04:37.696393,12,99.3,12.27,Position Falsification,1.0,HIGH,0.4,,{},2026-02-23 21:04:37
1258,2026-02-23T21:04:37.887732,0,10.78,63.24,GPS Spoofing,1.0,HIGH,0.2957,,{},2026-02-23 21:04:37
1259,2026-02-23T21:04:37.887732,3,63.04,90.28,GPS Spoofing,1.0,HIGH,0.4,,{},2026-02-23 21:04:37
1260,2026-02-23T21:04:37.887732,6,9.88,43.75,Replay Attack,0.3,NONE,0.2681,,{},2026-02-23 21:04:37
1261,2026-02-23T21:04:37.887732,9,50.57,81.44,Position Falsification,0.3,LOW,0.4,,{},2026-02-23 21:04:37
1262,2026-02-23T21:04:37.887732,12,100.0,13.61,Position Falsification,1.0,HIGH,0.4,,{},2026-02-23 21:04:37
1263,2026-02-23T21:04:38.102396,0,7.65,60.83,GPS Spoofing,1.0,HIGH,0.353,,{},2026-02-23 21:04:38
1264,2026-02-23T21:04:38.102396,3,59.23,88.72,GPS Spoofing,1.0,HIGH,0.4,,{},2026-02-23 21:04:38
1265,2026-02-23T21:04:38.102396,6,13.0,46.3,Replay Attack,0.3,NONE,0.2726,,{},2026-02-23 21:04:38
1266,2026-02-23T21:04:38.102396,9,55.54,82.94,Message Tampering,0.8,MEDIUM,0.4,,{},2026-02-23 21:04:38
1267,2026-02-23T21:04:38.102396,12,95.91,14.95,Position Falsification,1.0,HIGH,0.4,,{},2026-02-23 21:04:38
1268,2026-02-23T21:04:38.304726,0,4.51,58.42,GPS Spoofing,0.9,HIGH,0.3395,,{},2026-02-23 21:04:38
1269,2026-02-23T21:04:38.304726,3,58.39,88.82,GPS Spoofing,1.0,HIGH,0.4,,{},2026-02-23 21:04:38
1270,2026-02-23T21:04:38.304726,6,16.13,48.85,GPS Spoofing,0.5,HIGH,0.2712,,{},2026-02-23 21:04:38
1271,2026-02-23T21:04:38.304726,9,60.16,84.46,Message Tampering,0.5,MEDIUM,0.4,,{},2026-02-23 21:04:38
1272,2026-02-23T21:04:38.304726,12,100.0,18.31,Position Falsification,1.0,HIGH,0.4,,{},2026-02-23 21:04:38
1273,2026-02-23T21:04:38.477793,0,0.0,53.55,GPS Spoofing,1.0,HIGH,0.4,,{},2026-02-23 21:04:38
1274,2026-02-23T21:04:38.477793,3,54.73,85.5,GPS Spoofing,1.0,HIGH,0.4,,{},2026-02-23 21:04:38
1275,2026-02-23T21:04:38.477793,6,19.26,51.39,GPS Spoofing,0.9,HIGH,0.2113,,{},2026-02-23 21:04:38
1276,2026-02-23T21:04:38.477793,9,64.79,85.98,Message Tampering,0.5,MEDIUM,0.4,,{},2026-02-23 21:04:38
1277,2026-02-23T21:04:38.484651,12,95.38,21.67,Position Falsification,1.0,HIGH,0.4,,{},2026-02-23 21:04:38
1278,2026-02-23T21:04:38.687245,0,2.23,48.6,GPS Spoofing,1.0,HIGH,0.4,,{},2026-02-23 21:04:38
1279,2026-02-23T21:04:38.687245,3,51.06,82.18,Position Falsification,0.6,MEDIUM,0.4,,{},2026-02-23 21:04:38
1280,2026-02-23T21:04:38.687245,6,19.74,55.08,GPS Spoofing,1.0,HIGH,0.2678,,{},2026-02-23 21:04:38
1281,2026-02-23T21:04:38.687245,9,69.41,87.49,GPS Spoofing,0.9,HIGH,0.4,,{},2026-02-23 21:04:38
1282,2026-02-23T21:04:38.687245,12,90.75,25.03,Position Falsification,1.0,HIGH,0.4,,{},2026-02-23 21:04:38
1283,2026-02-23T21:04:38.888602,0,4.46,43.66,GPS Spoofing,1.0,HIGH,0.4,,{},2026-02-23 21:04:38
1284,2026-02-23T21:04:38.888602,3,52.77,78.69,Position Falsification,0.6,MEDIUM,0.4,,{},2026-02-23 21:04:38
1285,2026-02-23T21:04:38.890612,6,20.22,58.77,GPS Spoofing,1.0,HIGH,0.313,,{},2026-02-23 21:04:38
1286,2026-02-23T21:04:38.890612,9,74.04,89.01,GPS Spoofing,1.0,HIGH,0.4,,{},2026-02-23 21:04:38
1287,2026-02-23T21:04:38.890612,12,86.13,28.39,Position Falsification,0.7,MEDIUM,0.4,,{},2026-02-23 21:04:38
1288,2026-02-23T21:04:39.101188,0,6.69,38.71,GPS Spoofing,1.0,HIGH,0.4,,{},2026-02-23 21:04:39
1289,2026-02-23T21:04:39.101188,3,54.48,75.19,Position Falsification,0.6,MEDIUM,0.4,,{},2026-02-23 21:04:39
1290,2026-02-23T21:04:39.101188,6,15.48,61.63,GPS Spoofing,1.0,HIGH,0.2249,,{},2026-02-23 21:04:39
1291,2026-02-23T21:04:39.101188,9,73.56,90.58,GPS Spoofing,1.0,HIGH,0.4,,{},2026-02-23 21:04:39
1292,2026-02-23T21:04:39.101188,12,83.62,24.42,Position Falsification,0.7,MEDIUM,0.4,,{},2026-02-23 21:04:39
1293,2026-02-23T21:04:39.281001,0,9.23,35.61,Position Falsification,0.6,MEDIUM,0.4,,{},2026-02-23 21:04:39
1294,2026-02-23T21:04:39.281001,3,52.36,77.27,Position Falsification,0.6,MEDIUM,0.4,,{},2026-02-23 21:04:39
1295,2026-02-23T21:04:39.281001,6,15.09,59.15,GPS Spoofing,1.0,HIGH,0.3222,,{},2026-02-23 21:04:39
1296,2026-02-23T21:04:39.281001,9,73.09,92.16,GPS Spoofing,1.0,HIGH,0.2967,,{},2026-02-23 21:04:39
1297,2026-02-23T21:04:39.281001,12,81.11,20.45,Position Falsification,0.7,MEDIUM,0.4,,{},2026-02-23 21:04:39
1298,2026-02-23T21:04:39.487295,0,11.77,32.51,Position Falsification,0.7,MEDIUM,0.4,,{},2026-02-23 21:04:39
1299,2026-02-23T21:04:39.487295,3,50.25,79.34,Position Falsification,0.6,MEDIUM,0.4,,{},2026-02-23 21:04:39
1300,2026-02-23T21:04:39.487295,6,14.69,56.66,GPS Spoofing,1.0,HIGH,0.4,,{},2026-02-23 21:04:39
1301,2026-02-23T21:04:39.487295,9,77.04,87.8,GPS Spoofing,1.0,HIGH,0.3974,,{},2026-02-23 21:04:39
1302,2026-02-23T21:04:39.487295,12,78.6,16.48,Position Falsification,0.7,MEDIUM,0.2981,,{},2026-02-23 21:04:39
1303,2026-02-23T21:04:39.687110,0,6.93,28.09,Position Falsification,0.7,MEDIUM,0.4,,{},2026-02-23 21:04:39
1304,2026-02-23T21:04:39.687110,3,48.13,81.42,Position Falsification,0.6,MEDIUM,0.4,,{},2026-02-23 21:04:39
1305,2026-02-23T21:04:39.687110,6,14.3,54.17,GPS Spoofing,1.0,HIGH,0.4,,{},2026-02-23 21:04:39
1306,2026-02-23T21:04:39.687110,9,78.41,90.39,GPS Spoofing,1.0,HIGH,0.3854,,{},2026-02-23 21:04:39
1307,2026-02-23T21:04:39.687110,12,76.09,12.51,Position Falsification,0.6,MEDIUM,0.2675,,{},2026-02-23 21:04:39
1308,2026-02-23T21:04:39.887345,0,2.09,23.68,Position Falsification,0.7,MEDIUM,0.4,,{},2026-02-23 21:04:39
1309,2026-02-23T21:04:39.887345,3,46.02,83.49,Position Falsification,0.7,MEDIUM,0.3557,,{},2026-02-23 21:04:39
1310,2026-02-23T21:04:39.887345,6,11.87,50.76,GPS Spoofing,1.0,HIGH,0.3787,,{},2026-02-23 21:04:39
1311,2026-02-23T21:04:39.887345,9,79.78,92.99,GPS Spoofing,1.0,HIGH,0.4,,{},2026-02-23 21:04:39
1312,2026-02-23T21:04:39.887345,12,77.86,14.19,Position Falsification,0.6,MEDIUM,0.3331,,{},2026-02-23 21:04:39
1313,2026-02-23T21:04:40.084826,0,2.42,22.18,Position Falsification,0.6,MEDIUM,0.4,,{},2026-02-23 21:04:40
1314,2026-02-23T21:04:40.084826,3,43.9,85.57,Unknown Attack,0.5,LOW,0.4,,{},2026-02-23 21:04:40
1315,2026-02-23T21:04:40.084826,6,9.43,47.36,GPS Spoofing,1.0,HIGH,0.4,,{},2026-02-23 21:04:40
1316,2026-02-23T21:04:40.084826,9,83.65,95.53,GPS Spoofing,1.0,HIGH,0.4,,{},2026-02-23 21:04:40
1317,2026-02-23T21:04:40.084826,12,79.63,15.87,Position Falsification,0.6,MEDIUM,0.3865,,{},2026-02-23 21:04:40
1318,2026-02-23T21:04:40.285265,0,5.38,26.12,Position Falsification,0.6,MEDIUM,0.3599,,{},2026-02-23 21:04:40
1319,2026-02-23T21:04:40.285265,3,40.49,90.48,Message Tampering,0.3,LOW,0.3087,,{},2026-02-23 21:04:40
1320,2026-02-23T21:04:40.285265,6,7.0,43.95,GPS Spoofing,0.9,HIGH,0.4,,{},2026-02-23 21:04:40
1321,2026-02-23T21:04:40.285265,9,87.51,98.08,GPS Spoofing,1.0,HIGH,0.4,,{},2026-02-23 21:04:40
1322,2026-02-23T21:04:40.285265,12,81.4,17.55,Position Falsification,0.6,MEDIUM,0.3917,,{},2026-02-23 21:04:40
1323,2026-02-23T21:04:40.510927,0,8.35,30.06,Position Falsification,0.6,MEDIUM,0.4,,{},2026-02-23 21:04:40
1324,2026-02-23T21:04:40.510927,3,37.08,95.39,Position Falsification,0.7,MEDIUM,0.3072,,{},2026-02-23 21:04:40
1325,2026-02-23T21:04:40.510927,6,4.81,42.68,Position Falsification,0.6,MEDIUM,0.3645,,{},2026-02-23 21:04:40
1326,2026-02-23T21:04:40.510927,9,91.37,100.0,GPS Spoofing,1.0,HIGH,0.4,,{},2026-02-23 21:04:40
1327,2026-02-23T21:04:40.510927,12,83.16,19.23,Position Falsification,0.6,MEDIUM,0.345,,{},2026-02-23 21:04:40
1328,2026-02-23T21:04:40.688255,0,5.78,25.17,GPS Spoofing,1.0,HIGH,0.4,,{},2026-02-23 21:04:40
1329,2026-02-23T21:04:40.688255,3,33.66,100.0,GPS Spoofing,0.9,HIGH,0.4,,{},2026-02-23 21:04:40
1330,2026-02-23T21:04:40.689266,6,2.62,41.4,Position Falsification,0.6,MEDIUM,0.2868,,{},2026-02-23 21:04:40
1331,2026-02-23T21:04:40.689266,9,91.03,96.62,GPS Spoofing,0.9,HIGH,0.4,,{},2026-02-23 21:04:40
1332,2026-02-23T21:04:40.689266,12,84.93,20.91,Position Falsification,0.6,MEDIUM,0.3484,,{},2026-02-23 21:04:40
1333,2026-02-23T21:04:40.891340,0,6.57,23.71,GPS Spoofing,1.0,HIGH,0.4,,{},2026-02-23 21:04:40
1334,2026-02-23T21:04:40.891340,3,35.65,99.31,Position Falsification,0.6,MEDIUM,0.4,,{},2026-02-23 21:04:40
1335,2026-02-23T21:04:40.891340,6,0.0,42.09,Position Falsification,0.6,MEDIUM,0.2824,,{},2026-02-23 21:04:40
1336,2026-02-23T21:04:40.891340,9,90.7,93.25,GPS Spoofing,0.9,HIGH,0.4,,{},2026-02-23 21:04:40
1337,2026-02-23T21:04:40.891340,12,86.7,22.59,Position Falsification,0.6,MEDIUM,0.2905,,{},2026-02-23 21:04:40
1338,2026-02-23T21:04:41.118828,0,7.37,22.26,GPS Spoofing,1.0,HIGH,0.4,,{},2026-02-23 21:04:41
1339,2026-02-23T21:04:41.118828,3,37.64,98.62,Position Falsification,0.6,MEDIUM,0.4,,{},2026-02-23 21:04:41
1340,2026-02-23T21:04:41.122539,6,2.79,42.77,Unknown Attack,0.5,LOW,0.3124,,{},2026-02-23 21:04:41
1341,2026-02-23T21:04:41.122539,9,90.37,89.87,Position Falsification,0.6,MEDIUM,0.4,,{},2026-02-23 21:04:41
1342,2026-02-23T21:04:41.122539,12,84.62,26.0,GPS Spoofing,0.9,HIGH,0.358,,{},2026-02-23 21:04:41
1343,2026-02-23T21:04:41.318885,0,8.17,20.8,GPS Spoofing,1.0,HIGH,0.4,,{},2026-02-23 21:04:41
1344,2026-02-23T21:04:41.318885,3,39.62,97.94,GPS Spoofing,0.9,HIGH,0.4,,{},2026-02-23 21:04:41
1345,2026-02-23T21:04:41.318885,6,5.58,43.45,Unknown Attack,0.5,LOW,0.2525,,{},2026-02-23 21:04:41
1346,2026-02-23T21:04:41.318885,9,90.03,86.49,Unknown Attack,0.5,LOW,0.3622,,{},2026-02-23 21:04:41
1347,2026-02-23T21:04:41.318885,12,86.27,27.69,GPS Spoofing,0.9,HIGH,0.3593,,{},2026-02-23 21:04:41
1348,2026-02-23T21:04:41.493968,0,8.96,19.34,GPS Spoofing,1.0,HIGH,0.4,,{},2026-02-23 21:04:41
1349,2026-02-23T21:04:41.493968,3,43.18,100.0,GPS Spoofing,1.0,HIGH,0.3971,,{},2026-02-23 21:04:41
1350,2026-02-23T21:04:41.493968,6,2.97,44.85,Unknown Attack,0.5,LOW,0.3621,,{},2026-02-23 21:04:41
1351,2026-02-23T21:04:41.493968,9,91.48,82.47,Unknown Attack,0.5,LOW,0.3489,,{},2026-02-23 21:04:41
1352,2026-02-23T21:04:41.493968,12,84.68,29.46,Position Falsification,0.6,MEDIUM,0.4,,{},2026-02-23 21:04:41
1353,2026-02-23T21:04:41.685382,0,9.76,17.88,GPS Spoofing,0.9,HIGH,0.4,,{},2026-02-23 21:04:41
1354,2026-02-23T21:04:41.685382,3,46.73,97.3,GPS Spoofing,1.0,HIGH,0.4,,{},2026-02-23 21:04:41
1355,2026-02-23T21:04:41.685382,6,0.35,46.24,Unknown Attack,0.5,LOW,0.4,,{},2026-02-23 21:04:41
1356,2026-02-23T21:04:41.685382,9,87.91,79.0,Unknown Attack,0.5,LOW,0.3828,,{},2026-02-23 21:04:41
1357,2026-02-23T21:04:41.685382,12,79.79,27.58,GPS Spoofing,0.9,HIGH,0.3758,,{},2026-02-23 21:04:41
1358,2026-02-23T21:04:41.879088,0,10.56,16.42,GPS Spoofing,0.9,HIGH,0.4,,{},2026-02-23 21:04:41
1359,2026-02-23T21:04:41.879088,3,42.88,96.7,GPS Spoofing,1.0,HIGH,0.4,,{},2026-02-23 21:04:41
1360,2026-02-23T21:04:41.879088,6,0.0,47.63,Unknown Attack,0.5,LOW,0.3995,,{},2026-02-23 21:04:41
1361,2026-02-23T21:04:41.884246,9,84.33,75.53,Position Falsification,0.3,LOW,0.3457,,{},2026-02-23 21:04:41
1362,2026-02-23T21:04:41.884246,12,74.89,25.71,GPS Spoofing,0.9,HIGH,0.3587,,{},2026-02-23 21:04:41
1363,2026-02-23T21:04:42.109825,0,11.35,14.97,GPS Spoofing,1.0,HIGH,0.3546,,{},2026-02-23 21:04:42
1364,2026-02-23T21:04:42.109825,3,39.03,96.1,GPS Spoofing,1.0,HIGH,0.4,,{},2026-02-23 21:04:42
1365,2026-02-23T21:04:42.109825,6,4.67,46.13,Position Falsification,0.4,MEDIUM,0.3487,,{},2026-02-23 21:04:42
1366,2026-02-23T21:04:42.109825,9,80.75,72.06,Position Falsification,0.3,LOW,0.3192,,{},2026-02-23 21:04:42
1367,2026-02-23T21:04:42.109825,12,73.41,21.84,Position Falsification,0.6,MEDIUM,0.4,,{},2026-02-23 21:04:42
1368,2026-02-23T21:04:42.312744,0,15.24,16.64,GPS Spoofing,1.0,HIGH,0.3613,,{},2026-02-23 21:04:42
1369,2026-02-23T21:04:42.312744,3,37.25,92.72,GPS Spoofing,1.0,HIGH,0.4,,{},2026-02-23 21:04:42
1370,2026-02-23T21:04:42.312744,6,0.0,44.84,Position Falsification,0.7,MEDIUM,0.3729,,{},2026-02-23 21:04:42
1371,2026-02-23T21:04:42.312744,9,77.18,68.59,Position Falsification,0.3,LOW,0.2543,,{},2026-02-23 21:04:42
1372,2026-02-23T21:04:42.312744,12,75.85,18.97,GPS Spoofing,0.9,HIGH,0.4,,{},2026-02-23 21:04:42
1373,2026-02-23T21:04:42.495404,0,19.63,14.53,GPS Spoofing,1.0,HIGH,0.3544,,{},2026-02-23 21:04:42
1374,2026-02-23T21:04:42.495404,3,35.47,89.33,GPS Spoofing,1.0,HIGH,0.3843,,{},2026-02-23 21:04:42
1375,2026-02-23T21:04:42.495404,6,4.91,43.55,Position Falsification,0.7,MEDIUM,0.3707,,{},2026-02-23 21:04:42
1376,2026-02-23T21:04:42.495404,9,73.6,65.12,Position Falsification,0.3,LOW,0.2511,,{},2026-02-23 21:04:42
1377,2026-02-23T21:04:42.495404,12,77.96,17.41,GPS Spoofing,1.0,HIGH,0.4,,{},2026-02-23 21:04:42
1378,2026-02-23T21:04:42.684797,0,24.02,12.41,GPS Spoofing,1.0,HIGH,0.2342,,{},2026-02-23 21:04:42
1379,2026-02-23T21:04:42.684797,3,33.7,85.95,GPS Spoofing,1.0,HIGH,0.3151,,{},2026-02-23 21:04:42
1380,2026-02-23T21:04:42.684797,6,9.81,42.25,Position Falsification,0.7,MEDIUM,0.3402,,{},2026-02-23 21:04:42
1381,2026-02-23T21:04:42.684797,9,70.02,61.65,DoS Attack,0.6,HIGH,0.3353,,{},2026-02-23 21:04:42
1382,2026-02-23T21:04:42.684797,12,80.07,15.85,GPS Spoofing,1.0,HIGH,0.4,,{},2026-02-23 21:04:42
1383,2026-02-23T21:04:42.886659,0,28.4,10.29,GPS Spoofing,1.0,HIGH,0.281,,{},2026-02-23 21:04:42
1384,2026-02-23T21:04:42.886659,3,31.92,82.56,GPS Spoofing,1.0,HIGH,0.2925,,{},2026-02-23 21:04:42
1385,2026-02-23T21:04:42.886659,6,7.19,40.44,Position Falsification,0.7,MEDIUM,0.3658,,{},2026-02-23 21:04:42
1386,2026-02-23T21:04:42.886659,9,66.45,58.18,DoS Attack,0.6,HIGH,0.3363,,{},2026-02-23 21:04:42
1387,2026-02-23T21:04:42.886659,12,82.18,14.29,GPS Spoofing,1.0,HIGH,0.4,,{},2026-02-23 21:04:42
1388,2026-02-23T21:04:43.101467,0,23.82,10.51,GPS Spoofing,1.0,HIGH,0.4,,{},2026-02-23 21:04:43
1389,2026-02-23T21:04:43.101467,3,30.14,79.18,GPS Spoofing,1.0,HIGH,0.4,,{},2026-02-23 21:04:43
1390,2026-02-23T21:04:43.101467,6,4.58,38.63,Position Falsification,0.7,MEDIUM,0.336,,{},2026-02-23 21:04:43
1391,2026-02-23T21:04:43.101467,9,62.87,54.71,DoS Attack,0.6,HIGH,0.3334,,{},2026-02-23 21:04:43
1392,2026-02-23T21:04:43.101467,12,78.38,15.63,GPS Spoofing,1.0,HIGH,0.3191,,{},2026-02-23 21:04:43
1393,2026-02-23T21:04:43.285908,0,20.81,11.11,GPS Spoofing,1.0,HIGH,0.3474,,{},2026-02-23 21:04:43
1394,2026-02-23T21:04:43.285908,3,31.8,77.29,GPS Spoofing,1.0,HIGH,0.3758,,{},2026-02-23 21:04:43
1395,2026-02-23T21:04:43.285908,6,1.96,36.81,Position Falsification,0.7,MEDIUM,0.4,,{},2026-02-23 21:04:43
1396,2026-02-23T21:04:43.285908,9,59.29,51.24,DoS Attack,0.6,HIGH,0.2142,,{},2026-02-23 21:04:43
1397,2026-02-23T21:04:43.285908,12,74.59,16.97,GPS Spoofing,1.0,HIGH,0.3126,,{},2026-02-23 21:04:43
1398,2026-02-23T21:04:43.484837,0,17.81,11.72,GPS Spoofing,1.0,HIGH,0.4,,{},2026-02-23 21:04:43
1399,2026-02-23T21:04:43.484837,3,33.46,75.39,GPS Spoofing,1.0,HIGH,0.3847,,{},2026-02-23 21:04:43
1400,2026-02-23T21:04:43.484837,6,0.0,35.0,Position Falsification,0.7,MEDIUM,0.3803,,{},2026-02-23 21:04:43
1401,2026-02-23T21:04:43.484837,9,55.72,47.77,DoS Attack,0.6,HIGH,0.1974,,{},2026-02-23 21:04:43
1402,2026-02-23T21:04:43.484837,12,70.79,18.31,GPS Spoofing,1.0,HIGH,0.3482,,{},2026-02-23 21:04:43
1403,2026-02-23T21:04:43.685929,0,14.8,12.32,GPS Spoofing,1.0,HIGH,0.3844,,{},2026-02-23 21:04:43
1404,2026-02-23T21:04:43.685929,3,36.52,75.96,GPS Spoofing,1.0,HIGH,0.2729,,{},2026-02-23 21:04:43
1405,2026-02-23T21:04:43.685929,6,2.62,33.18,GPS Spoofing,0.8,HIGH,0.4,,{},2026-02-23 21:04:43
1406,2026-02-23T21:04:43.685929,9,52.14,44.3,DoS Attack,0.6,HIGH,0.1498,,{},2026-02-23 21:04:43
1407,2026-02-23T21:04:43.685929,12,66.99,19.66,GPS Spoofing,1.0,HIGH,0.3112,,{},2026-02-23 21:04:43
1408,2026-02-23T21:04:43.883806,0,11.79,12.93,GPS Spoofing,1.0,HIGH,0.4,,{},2026-02-23 21:04:43
1409,2026-02-23T21:04:43.883806,3,34.44,80.33,GPS Spoofing,1.0,HIGH,0.3308,,{},2026-02-23 21:04:43
1410,2026-02-23T21:04:43.884820,6,5.23,31.37,GPS Spoofing,0.8,HIGH,0.4,,{},2026-02-23 21:04:43
1411,2026-02-23T21:04:43.884820,9,52.42,47.91,DoS Attack,0.6,HIGH,0.3082,,{},2026-02-23 21:04:43
1412,2026-02-23T21:04:43.884820,12,63.2,21.0,GPS Spoofing,1.0,HIGH,0.264,,{},2026-02-23 21:04:43
1413,2026-02-23T21:04:44.110235,0,8.79,13.54,GPS Spoofing,1.0,HIGH,0.4,,{},2026-02-23 21:04:44
1414,2026-02-23T21:04:44.110235,3,38.61,81.97,GPS Spoofing,1.0,HIGH,0.3158,,{},2026-02-23 21:04:44
1415,2026-02-23T21:04:44.110235,6,9.98,32.57,GPS Spoofing,0.8,HIGH,0.3657,,{},2026-02-23 21:04:44
1416,2026-02-23T21:04:44.110235,9,55.38,50.08,DoS Attack,0.6,HIGH,0.266,,{},2026-02-23 21:04:44
1417,2026-02-23T21:04:44.110235,12,59.4,22.34,GPS Spoofing,1.0,HIGH,0.2663,,{},2026-02-23 21:04:44
1418,2026-02-23T21:04:44.312611,0,5.78,14.14,GPS Spoofing,1.0,HIGH,0.3385,,{},2026-02-23 21:04:44
1419,2026-02-23T21:04:44.312611,3,42.78,83.61,GPS Spoofing,1.0,HIGH,0.3553,,{},2026-02-23 21:04:44
1420,2026-02-23T21:04:44.312611,6,14.72,33.78,GPS Spoofing,0.8,HIGH,0.4,,{},2026-02-23 21:04:44
1421,2026-02-23T21:04:44.312611,9,53.84,49.81,Position Falsification,0.6,MEDIUM,0.2846,,{},2026-02-23 21:04:44
1422,2026-02-23T21:04:44.312611,12,55.6,23.68,GPS Spoofing,1.0,HIGH,0.2698,,{},2026-02-23 21:04:44
1423,2026-02-23T21:04:44.502431,0,2.77,14.75,Position Falsification,0.6,MEDIUM,0.2791,,{},2026-02-23 21:04:44
1424,2026-02-23T21:04:44.502431,3,44.31,82.8,GPS Spoofing,1.0,HIGH,0.3755,,{},2026-02-23 21:04:44
1425,2026-02-23T21:04:44.502431,6,18.97,36.74,GPS Spoofing,1.0,HIGH,0.3977,,{},2026-02-23 21:04:44
1426,2026-02-23T21:04:44.502431,9,52.3,49.54,Position Falsification,0.6,MEDIUM,0.397,,{},2026-02-23 21:04:44
1427,2026-02-23T21:04:44.502431,12,51.81,25.03,GPS Spoofing,1.0,HIGH,0.2272,,{},2026-02-23 21:04:44
1428,2026-02-23T21:04:44.687152,0,0.0,15.35,GPS Spoofing,1.0,HIGH,0.3479,,{},2026-02-23 21:04:44
1429,2026-02-23T21:04:44.687152,3,45.83,81.99,GPS Spoofing,1.0,HIGH,0.4,,{},2026-02-23 21:04:44
1430,2026-02-23T21:04:44.687152,6,23.22,39.71,GPS Spoofing,1.0,HIGH,0.3201,,{},2026-02-23 21:04:44
1431,2026-02-23T21:04:44.687152,9,54.95,50.22,GPS Spoofing,0.9,HIGH,0.4,,{},2026-02-23 21:04:44
1432,2026-02-23T21:04:44.687152,12,49.78,29.06,GPS Spoofing,1.0,HIGH,0.268,,{},2026-02-23 21:04:44
1433,2026-02-23T21:04:44.886796,0,3.01,15.96,GPS Spoofing,1.0,HIGH,0.3192,,{},2026-02-23 21:04:44
1434,2026-02-23T21:04:44.886796,3,47.36,81.17,GPS Spoofing,1.0,HIGH,0.4,,{},2026-02-23 21:04:44
1435,2026-02-23T21:04:44.886796,6,24.45,41.18,GPS Spoofing,0.8,HIGH,0.3771,,{},2026-02-23 21:04:44
1436,2026-02-23T21:04:44.886796,9,57.61,50.9,GPS Spoofing,0.9,HIGH,0.4,,{},2026-02-23 21:04:44
1437,2026-02-23T21:04:44.886796,12,47.75,33.09,GPS Spoofing,1.0,HIGH,0.2522,,{},2026-02-23 21:04:44
1438,2026-02-23T21:04:45.087278,0,2.19,17.93,GPS Spoofing,1.0,HIGH,0.2711,,{},2026-02-23 21:04:45
1439,2026-02-23T21:04:45.098709,3,48.88,80.36,GPS Spoofing,1.0,HIGH,0.4,,{},2026-02-23 21:04:45
1440,2026-02-23T21:04:45.102342,6,27.82,43.28,GPS Spoofing,0.8,HIGH,0.4,,{},2026-02-23 21:04:45
1441,2026-02-23T21:04:45.102748,9,61.74,55.56,GPS Spoofing,1.0,HIGH,0.4,,{},2026-02-23 21:04:45
1442,2026-02-23T21:04:45.102748,12,45.73,37.13,GPS Spoofing,1.0,HIGH,0.1785,,{},2026-02-23 21:04:45
1443,2026-02-23T21:04:45.311903,0,0.12,17.89,GPS Spoofing,1.0,HIGH,0.3169,,{},2026-02-23 21:04:45
1444,2026-02-23T21:04:45.311903,3,53.16,82.54,GPS Spoofing,1.0,HIGH,0.4,,{},2026-02-23 21:04:45
1445,2026-02-23T21:04:45.311903,6,31.19,45.37,GPS Spoofing,0.8,HIGH,0.2989,,{},2026-02-23 21:04:45
1446,2026-02-23T21:04:45.311903,9,57.64,53.98,GPS Spoofing,0.9,HIGH,0.4,,{},2026-02-23 21:04:45
1447,2026-02-23T21:04:45.311903,12,43.7,41.16,GPS Spoofing,1.0,HIGH,0.2741,,{},2026-02-23 21:04:45
1448,2026-02-23T21:04:45.493083,0,0.0,17.86,GPS Spoofing,1.0,HIGH,0.399,,{},2026-02-23 21:04:45
1449,2026-02-23T21:04:45.493083,3,57.43,84.73,GPS Spoofing,0.9,HIGH,0.3408,,{},2026-02-23 21:04:45
1450,2026-02-23T21:04:45.493083,6,34.55,47.47,Position Falsification,0.7,MEDIUM,0.3923,,{},2026-02-23 21:04:45
1451,2026-02-23T21:04:45.493083,9,53.53,52.4,GPS Spoofing,0.9,HIGH,0.4,,{},2026-02-23 21:04:45
1452,2026-02-23T21:04:45.493083,12,41.67,45.2,GPS Spoofing,1.0,HIGH,0.3013,,{},2026-02-23 21:04:45
1453,2026-02-23T21:04:45.685831,0,3.0,16.04,GPS Spoofing,1.0,HIGH,0.3128,,{},2026-02-23 21:04:45
1454,2026-02-23T21:04:45.685831,3,61.08,83.25,Position Falsification,1.0,HIGH,0.4,,{},2026-02-23 21:04:45
1455,2026-02-23T21:04:45.685831,6,37.92,49.56,GPS Spoofing,0.8,HIGH,0.2889,,{},2026-02-23 21:04:45
1456,2026-02-23T21:04:45.685831,9,49.42,50.81,GPS Spoofing,0.9,HIGH,0.4,,{},2026-02-23 21:04:45
1457,2026-02-23T21:04:45.685831,12,45.52,44.3,GPS Spoofing,1.0,HIGH,0.3534,,{},2026-02-23 21:04:45
1458,2026-02-23T21:04:45.874886,0,6.0,14.22,GPS Spoofing,1.0,HIGH,0.3629,,{},2026-02-23 21:04:45
1459,2026-02-23T21:04:45.874886,3,58.83,82.11,Position Falsification,1.0,HIGH,0.3878,,{},2026-02-23 21:04:45
1460,2026-02-23T21:04:45.874886,6,41.29,51.66,GPS Spoofing,0.8,HIGH,0.3503,,{},2026-02-23 21:04:45
1461,2026-02-23T21:04:45.874886,9,48.74,47.75,GPS Spoofing,0.9,HIGH,0.4,,{},2026-02-23 21:04:45
1462,2026-02-23T21:04:45.874886,12,49.36,43.41,GPS Spoofing,0.9,HIGH,0.3436,,{},2026-02-23 21:04:45
1463,2026-02-23T21:04:46.117409,0,9.0,12.41,GPS Spoofing,1.0,HIGH,0.4,,{},2026-02-23 21:04:46
1464,2026-02-23T21:04:46.117409,3,56.58,80.97,Position Falsification,1.0,HIGH,0.3226,,{},2026-02-23 21:04:46
1465,2026-02-23T21:04:46.117409,6,44.66,53.75,GPS Spoofing,0.8,HIGH,0.2098,,{},2026-02-23 21:04:46
1466,2026-02-23T21:04:46.118069,9,48.06,44.7,Position Falsification,0.6,MEDIUM,0.4,,{},2026-02-23 21:04:46
1467,2026-02-23T21:04:46.118069,12,53.21,42.52,GPS Spoofing,0.9,HIGH,0.3327,,{},2026-02-23 21:04:46
1468,2026-02-23T21:04:46.300441,0,10.61,17.26,GPS Spoofing,1.0,HIGH,0.3714,,{},2026-02-23 21:04:46
1469,2026-02-23T21:04:46.300441,3,54.33,79.83,Position Falsification,1.0,HIGH,0.3409,,{},2026-02-23 21:04:46
1470,2026-02-23T21:04:46.300441,6,40.22,54.65,GPS Spoofing,0.8,HIGH,0.2785,,{},2026-02-23 21:04:46
1471,2026-02-23T21:04:46.300441,9,47.39,41.64,Position Falsification,1.0,HIGH,0.4,,{},2026-02-23 21:04:46
1472,2026-02-23T21:04:46.308507,12,52.2,42.19,GPS Spoofing,1.0,HIGH,0.3515,,{},2026-02-23 21:04:46
1473,2026-02-23T21:04:46.525628,0,12.22,22.1,GPS Spoofing,1.0,HIGH,0.4,,{},2026-02-23 21:04:46
1474,2026-02-23T21:04:46.525628,3,52.08,78.68,Position Falsification,1.0,HIGH,0.3642,,{},2026-02-23 21:04:46
1475,2026-02-23T21:04:46.525628,6,35.78,55.54,GPS Spoofing,0.8,HIGH,0.355,,{},2026-02-23 21:04:46
1476,2026-02-23T21:04:46.525628,9,44.11,46.4,Position Falsification,1.0,HIGH,0.4,,{},2026-02-23 21:04:46
1477,2026-02-23T21:04:46.525628,12,51.2,41.87,GPS Spoofing,1.0,HIGH,0.4,,{},2026-02-23 21:04:46
1478,2026-02-23T21:04:46.686808,0,12.62,18.03,GPS Spoofing,0.9,HIGH,0.3625,,{},2026-02-23 21:04:46
1479,2026-02-23T21:04:46.686808,3,57.07,75.49,Position Falsification,1.0,HIGH,0.4,,{},2026-02-23 21:04:46
1480,2026-02-23T21:04:46.686808,6,31.35,56.43,GPS Spoofing,0.8,HIGH,0.3686,,{},2026-02-23 21:04:46
1481,2026-02-23T21:04:46.686808,9,40.84,51.16,Position Falsification,1.0,HIGH,0.4,,{},2026-02-23 21:04:46
1482,2026-02-23T21:04:46.686808,12,50.2,41.54,GPS Spoofing,1.0,HIGH,0.2815,,{},2026-02-23 21:04:46
1483,2026-02-23T21:04:46.883381,0,13.03,13.95,Position Falsification,0.6,MEDIUM,0.4,,{},2026-02-23 21:04:46
1484,2026-02-23T21:04:46.883381,3,59.34,70.89,Position Falsification,1.0,HIGH,0.4,,{},2026-02-23 21:04:46
1485,2026-02-23T21:04:46.883381,6,29.98,57.25,GPS Spoofing,0.8,HIGH,0.3614,,{},2026-02-23 21:04:46
1486,2026-02-23T21:04:46.883381,9,37.56,55.93,Position Falsification,0.7,MEDIUM,0.4,,{},2026-02-23 21:04:46
1487,2026-02-23T21:04:46.883381,12,49.73,40.04,GPS Spoofing,1.0,HIGH,0.4,,{},2026-02-23 21:04:46
1488,2026-02-23T21:04:47.138981,0,13.43,9.88,GPS Spoofing,0.8,HIGH,0.4,,{},2026-02-23 21:04:47
1489,2026-02-23T21:04:47.138981,3,61.61,66.3,Position Falsification,1.0,HIGH,0.4,,{},2026-02-23 21:04:47
1490,2026-02-23T21:04:47.138981,6,25.19,54.03,GPS Spoofing,1.0,HIGH,0.2983,,{},2026-02-23 21:04:47
1491,2026-02-23T21:04:47.138981,9,34.29,60.69,Position Falsification,0.7,MEDIUM,0.4,,{},2026-02-23 21:04:47
1492,2026-02-23T21:04:47.138981,12,49.27,38.53,GPS Spoofing,0.9,HIGH,0.4,,{},2026-02-23 21:04:47
1493,2026-02-23T21:04:47.336984,0,15.17,12.99,GPS Spoofing,1.0,HIGH,0.4,,{},2026-02-23 21:04:47
1494,2026-02-23T21:04:47.336984,3,60.71,67.03,Position Falsification,1.0,HIGH,0.4,,{},2026-02-23 21:04:47
1495,2026-02-23T21:04:47.337982,6,29.65,57.5,GPS Spoofing,1.0,HIGH,0.4,,{},2026-02-23 21:04:47
1496,2026-02-23T21:04:47.337982,9,29.38,62.54,Position Falsification,0.7,MEDIUM,0.3302,,{},2026-02-23 21:04:47
1497,2026-02-23T21:04:47.337982,12,44.29,41.08,GPS Spoofing,1.0,HIGH,0.4,,{},2026-02-23 21:04:47
1498,2026-02-23T21:04:47.502429,0,15.96,13.44,GPS Spoofing,1.0,HIGH,0.4,,{},2026-02-23 21:04:47
1499,2026-02-23T21:04:47.502429,3,64.64,63.57,Position Falsification,0.7,MEDIUM,0.4,,{},2026-02-23 21:04:47
1500,2026-02-23T21:04:47.502429,6,28.32,59.85,GPS Spoofing,0.8,HIGH,0.4,,{},2026-02-23 21:04:47
1501,2026-02-23T21:04:47.502429,9,24.46,64.38,Position Falsification,0.7,MEDIUM,0.4,,{},2026-02-23 21:04:47
1502,2026-02-23T21:04:47.503421,12,39.31,43.64,GPS Spoofing,1.0,HIGH,0.4,,{},2026-02-23 21:04:47
1503,2026-02-23T21:04:47.676761,0,16.76,13.9,GPS Spoofing,1.0,HIGH,0.4,,{},2026-02-23 21:04:47
1504,2026-02-23T21:04:47.676761,3,68.41,65.38,Position Falsification,0.7,MEDIUM,0.4,,{},2026-02-23 21:04:47
1505,2026-02-23T21:04:47.676761,6,26.99,62.19,Position Falsification,0.6,MEDIUM,0.4,,{},2026-02-23 21:04:47
1506,2026-02-23T21:04:47.676761,9,19.55,66.23,GPS Spoofing,1.0,HIGH,0.3953,,{},2026-02-23 21:04:47
1507,2026-02-23T21:04:47.687556,12,34.32,46.19,GPS Spoofing,1.0,HIGH,0.345,,{},2026-02-23 21:04:47
1508,2026-02-23T21:04:47.885006,0,17.56,14.36,GPS Spoofing,1.0,HIGH,0.4,,{},2026-02-23 21:04:47
1509,2026-02-23T21:04:47.885006,3,72.18,67.2,Position Falsification,0.7,MEDIUM,0.4,,{},2026-02-23 21:04:47
1510,2026-02-23T21:04:47.885006,6,25.66,64.54,Position Falsification,0.6,MEDIUM,0.4,,{},2026-02-23 21:04:47
1511,2026-02-23T21:04:47.885006,9,14.63,68.07,GPS Spoofing,1.0,HIGH,0.29,,{},2026-02-23 21:04:47
1512,2026-02-23T21:04:47.885006,12,29.34,48.74,GPS Spoofing,1.0,HIGH,0.3183,,{},2026-02-23 21:04:47
1513,2026-02-23T21:04:48.092284,0,18.36,14.82,GPS Spoofing,0.9,HIGH,0.4,,{},2026-02-23 21:04:48
1514,2026-02-23T21:04:48.099918,3,73.5,67.1,Position Falsification,0.6,MEDIUM,0.4,,{},2026-02-23 21:04:48
1515,2026-02-23T21:04:48.099918,6,20.71,62.9,Position Falsification,0.7,MEDIUM,0.4,,{},2026-02-23 21:04:48
1516,2026-02-23T21:04:48.100237,9,16.86,71.51,GPS Spoofing,1.0,HIGH,0.4,,{},2026-02-23 21:04:48
1517,2026-02-23T21:04:48.100237,12,31.52,53.47,GPS Spoofing,1.0,HIGH,0.3292,,{},2026-02-23 21:04:48
1518,2026-02-23T21:04:48.284129,0,19.15,15.28,GPS Spoofing,0.9,HIGH,0.3516,,{},2026-02-23 21:04:48
1519,2026-02-23T21:04:48.284129,3,74.82,67.0,GPS Spoofing,1.0,HIGH,0.4,,{},2026-02-23 21:04:48
1520,2026-02-23T21:04:48.284129,6,15.76,61.27,Position Falsification,0.7,MEDIUM,0.4,,{},2026-02-23 21:04:48
1521,2026-02-23T21:04:48.284129,9,18.62,74.15,GPS Spoofing,1.0,HIGH,0.3635,,{},2026-02-23 21:04:48
1522,2026-02-23T21:04:48.284129,12,35.71,49.38,GPS Spoofing,1.0,HIGH,0.3673,,{},2026-02-23 21:04:48
1523,2026-02-23T21:04:48.484459,0,19.95,15.74,GPS Spoofing,0.9,HIGH,0.2761,,{},2026-02-23 21:04:48
1524,2026-02-23T21:04:48.484459,3,76.13,66.9,GPS Spoofing,1.0,HIGH,0.4,,{},2026-02-23 21:04:48
1525,2026-02-23T21:04:48.484459,6,10.8,59.63,Position Falsification,0.7,MEDIUM,0.4,,{},2026-02-23 21:04:48
1526,2026-02-23T21:04:48.484459,9,16.66,75.83,GPS Spoofing,1.0,HIGH,0.3457,,{},2026-02-23 21:04:48
1527,2026-02-23T21:04:48.484459,12,30.86,54.06,GPS Spoofing,1.0,HIGH,0.4,,{},2026-02-23 21:04:48
1528,2026-02-23T21:04:48.692145,0,20.17,19.5,GPS Spoofing,0.9,HIGH,0.2835,,{},2026-02-23 21:04:48
1529,2026-02-23T21:04:48.692145,3,77.45,66.8,GPS Spoofing,1.0,HIGH,0.4,,{},2026-02-23 21:04:48
1530,2026-02-23T21:04:48.692145,6,12.38,60.51,DoS Attack,0.6,HIGH,0.4,,{},2026-02-23 21:04:48
1531,2026-02-23T21:04:48.692145,9,14.7,77.5,GPS Spoofing,1.0,HIGH,0.3954,,{},2026-02-23 21:04:48
1532,2026-02-23T21:04:48.692145,12,32.18,52.14,GPS Spoofing,1.0,HIGH,0.4,,{},2026-02-23 21:04:48
1533,2026-02-23T21:04:48.873188,0,20.4,23.25,GPS Spoofing,0.9,HIGH,0.3023,,{},2026-02-23 21:04:48
1534,2026-02-23T21:04:48.873188,3,78.77,66.71,GPS Spoofing,1.0,HIGH,0.4,,{},2026-02-23 21:04:48
1535,2026-02-23T21:04:48.873188,6,10.32,64.73,DoS Attack,0.6,HIGH,0.4,,{},2026-02-23 21:04:48
1536,2026-02-23T21:04:48.873188,9,12.74,79.17,GPS Spoofing,1.0,HIGH,0.3558,,{},2026-02-23 21:04:48
1537,2026-02-23T21:04:48.888918,12,33.49,50.22,GPS Spoofing,1.0,HIGH,0.4,,{},2026-02-23 21:04:48
1538,2026-02-23T21:04:49.084038,0,20.62,27.01,DoS Attack,0.6,HIGH,0.2894,,{},2026-02-23 21:04:49
1539,2026-02-23T21:04:49.084038,3,80.09,66.61,GPS Spoofing,1.0,HIGH,0.3179,,{},2026-02-23 21:04:49
1540,2026-02-23T21:04:49.084038,6,11.45,62.71,GPS Spoofing,0.9,HIGH,0.4,,{},2026-02-23 21:04:49
1541,2026-02-23T21:04:49.084038,9,16.08,81.43,GPS Spoofing,1.0,HIGH,0.3389,,{},2026-02-23 21:04:49
1542,2026-02-23T21:04:49.084038,12,34.81,48.3,GPS Spoofing,1.0,HIGH,0.4,,{},2026-02-23 21:04:49
1543,2026-02-23T21:04:49.284323,0,20.84,30.77,GPS Spoofing,0.9,HIGH,0.2989,,{},2026-02-23 21:04:49
1544,2026-02-23T21:04:49.284323,3,77.45,70.16,GPS Spoofing,1.0,HIGH,0.2507,,{},2026-02-23 21:04:49
1545,2026-02-23T21:04:49.284323,6,6.79,64.84,GPS Spoofing,1.0,HIGH,0.4,,{},2026-02-23 21:04:49
1546,2026-02-23T21:04:49.284323,9,19.42,83.69,GPS Spoofing,1.0,HIGH,0.4,,{},2026-02-23 21:04:49
1547,2026-02-23T21:04:49.284323,12,36.12,46.38,GPS Spoofing,1.0,HIGH,0.4,,{},2026-02-23 21:04:49
1548,2026-02-23T21:04:49.484924,0,21.07,34.53,GPS Spoofing,0.9,HIGH,0.1951,,{},2026-02-23 21:04:49
1549,2026-02-23T21:04:49.484924,3,74.81,73.72,GPS Spoofing,1.0,HIGH,0.3445,,{},2026-02-23 21:04:49
1550,2026-02-23T21:04:49.484924,6,5.09,64.22,GPS Spoofing,0.9,HIGH,0.4,,{},2026-02-23 21:04:49
1551,2026-02-23T21:04:49.484924,9,22.75,85.95,GPS Spoofing,1.0,HIGH,0.4,,{},2026-02-23 21:04:49
1552,2026-02-23T21:04:49.484924,12,35.94,48.16,GPS Spoofing,1.0,HIGH,0.4,,{},2026-02-23 21:04:49
1553,2026-02-23T21:04:49.683047,0,20.22,37.39,GPS Spoofing,0.9,HIGH,0.275,,{},2026-02-23 21:04:49
1554,2026-02-23T21:04:49.683754,3,77.04,72.92,GPS Spoofing,1.0,HIGH,0.3924,,{},2026-02-23 21:04:49
1555,2026-02-23T21:04:49.683754,6,9.38,62.52,GPS Spoofing,1.0,HIGH,0.4,,{},2026-02-23 21:04:49
1556,2026-02-23T21:04:49.683754,9,26.09,88.21,GPS Spoofing,0.9,HIGH,0.3662,,{},2026-02-23 21:04:49
1557,2026-02-23T21:04:49.683754,12,31.85,50.49,Position Falsification,0.6,MEDIUM,0.4,,{},2026-02-23 21:04:49
1558,2026-02-23T21:04:49.887787,0,19.38,40.24,GPS Spoofing,1.0,HIGH,0.3217,,{},2026-02-23 21:04:49
1559,2026-02-23T21:04:49.887787,3,79.28,72.13,GPS Spoofing,1.0,HIGH,0.2948,,{},2026-02-23 21:04:49
1560,2026-02-23T21:04:49.887787,6,5.93,66.81,GPS Spoofing,1.0,HIGH,0.4,,{},2026-02-23 21:04:49
1561,2026-02-23T21:04:49.887787,9,29.43,90.47,Position Falsification,0.7,MEDIUM,0.3318,,{},2026-02-23 21:04:49
1562,2026-02-23T21:04:49.887787,12,36.22,50.81,Position Falsification,0.7,MEDIUM,0.4,,{},2026-02-23 21:04:49
1563,2026-02-23T21:04:50.075619,0,18.54,43.1,GPS Spoofing,1.0,HIGH,0.2191,,{},2026-02-23 21:04:50
1564,2026-02-23T21:04:50.075619,3,84.04,72.03,GPS Spoofing,1.0,HIGH,0.4,,{},2026-02-23 21:04:50
1565,2026-02-23T21:04:50.075619,6,2.48,71.1,GPS Spoofing,1.0,HIGH,0.4,,{},2026-02-23 21:04:50
1566,2026-02-23T21:04:50.075619,9,32.77,92.72,Position Falsification,0.7,MEDIUM,0.3248,,{},2026-02-23 21:04:50
1567,2026-02-23T21:04:50.075619,12,40.59,51.12,Position Falsification,0.7,MEDIUM,0.4,,{},2026-02-23 21:04:50
1568,2026-02-23T21:04:50.284874,0,17.69,45.95,GPS Spoofing,1.0,HIGH,0.2205,,{},2026-02-23 21:04:50
1569,2026-02-23T21:04:50.284874,3,88.8,71.94,GPS Spoofing,1.0,HIGH,0.4,,{},2026-02-23 21:04:50
1570,2026-02-23T21:04:50.284874,6,0.0,72.28,GPS Spoofing,1.0,HIGH,0.4,,{},2026-02-23 21:04:50
1571,2026-02-23T21:04:50.284874,9,36.11,94.98,Position Falsification,0.7,MEDIUM,0.2716,,{},2026-02-23 21:04:50
1572,2026-02-23T21:04:50.284874,12,44.96,51.44,Position Falsification,0.7,MEDIUM,0.4,,{},2026-02-23 21:04:50
1573,2026-02-23T21:04:50.483703,0,16.85,48.81,GPS Spoofing,1.0,HIGH,0.2527,,{},2026-02-23 21:04:50
1574,2026-02-23T21:04:50.483703,3,93.55,71.84,GPS Spoofing,1.0,HIGH,0.4,,{},2026-02-23 21:04:50
1575,2026-02-23T21:04:50.483703,6,0.0,76.24,GPS Spoofing,1.0,HIGH,0.4,,{},2026-02-23 21:04:50
1576,2026-02-23T21:04:50.484646,9,39.44,97.24,Position Falsification,0.7,MEDIUM,0.2754,,{},2026-02-23 21:04:50
1577,2026-02-23T21:04:50.484646,12,42.58,47.07,Position Falsification,0.7,MEDIUM,0.4,,{},2026-02-23 21:04:50
1578,2026-02-23T21:04:50.684820,0,16.01,51.66,GPS Spoofing,1.0,HIGH,0.2531,,{},2026-02-23 21:04:50
1579,2026-02-23T21:04:50.684820,3,98.31,71.74,GPS Spoofing,1.0,HIGH,0.3565,,{},2026-02-23 21:04:50
1580,2026-02-23T21:04:50.684820,6,1.13,76.57,GPS Spoofing,1.0,HIGH,0.4,,{},2026-02-23 21:04:50
1581,2026-02-23T21:04:50.684820,9,39.98,99.32,DoS Attack,0.6,HIGH,0.3054,,{},2026-02-23 21:04:50
1582,2026-02-23T21:04:50.684820,12,40.19,42.7,Position Falsification,0.7,MEDIUM,0.4,,{},2026-02-23 21:04:50
1583,2026-02-23T21:04:50.885543,0,15.16,54.52,GPS Spoofing,1.0,HIGH,0.237,,{},2026-02-23 21:04:50
1584,2026-02-23T21:04:50.885543,3,100.0,71.64,GPS Spoofing,1.0,HIGH,0.4,,{},2026-02-23 21:04:50
1585,2026-02-23T21:04:50.885543,6,2.25,76.91,Position Falsification,0.6,MEDIUM,0.4,,{},2026-02-23 21:04:50
1586,2026-02-23T21:04:50.885543,9,40.52,100.0,DoS Attack,0.6,HIGH,0.1701,,{},2026-02-23 21:04:50
1587,2026-02-23T21:04:50.885543,12,44.18,39.33,Message Tampering,0.8,MEDIUM,0.4,,{},2026-02-23 21:04:50
1588,2026-02-23T21:04:51.084245,0,14.32,57.37,GPS Spoofing,1.0,HIGH,0.1694,,{},2026-02-23 21:04:51
1589,2026-02-23T21:04:51.084245,3,96.06,69.7,GPS Spoofing,1.0,HIGH,0.4,,{},2026-02-23 21:04:51
1590,2026-02-23T21:04:51.084245,6,1.36,79.61,Position Falsification,1.0,HIGH,0.4,,{},2026-02-23 21:04:51
1591,2026-02-23T21:04:51.084245,9,38.53,100.0,GPS Spoofing,0.9,HIGH,0.2522,,{},2026-02-23 21:04:51
1592,2026-02-23T21:04:51.084245,12,48.17,35.96,Message Tampering,0.8,MEDIUM,0.4,,{},2026-02-23 21:04:51
1593,2026-02-23T21:04:51.284844,0,9.74,53.3,GPS Spoofing,1.0,HIGH,0.2851,,{},2026-02-23 21:04:51
1594,2026-02-23T21:04:51.284844,3,92.12,67.76,GPS Spoofing,1.0,HIGH,0.3705,,{},2026-02-23 21:04:51
1595,2026-02-23T21:04:51.284844,6,0.0,81.06,Position Falsification,1.0,HIGH,0.4,,{},2026-02-23 21:04:51
1596,2026-02-23T21:04:51.284844,9,35.12,98.09,GPS Spoofing,0.9,HIGH,0.2774,,{},2026-02-23 21:04:51
1597,2026-02-23T21:04:51.284844,12,52.16,32.59,DoS Attack,0.6,HIGH,0.4,,{},2026-02-23 21:04:51
1598,2026-02-23T21:04:51.484180,0,5.15,49.24,GPS Spoofing,1.0,HIGH,0.3073,,{},2026-02-23 21:04:51
1599,2026-02-23T21:04:51.484180,3,88.18,65.82,GPS Spoofing,1.0,HIGH,0.3775,,{},2026-02-23 21:04:51
1600,2026-02-23T21:04:51.484180,6,4.07,82.51,DoS Attack,0.6,HIGH,0.4,,{},2026-02-23 21:04:51
1601,2026-02-23T21:04:51.484180,9,39.28,100.0,GPS Spoofing,1.0,HIGH,0.3282,,{},2026-02-23 21:04:51
1602,2026-02-23T21:04:51.484997,12,56.14,29.22,DoS Attack,0.6,HIGH,0.4,,{},2026-02-23 21:04:51
1603,2026-02-23T21:04:51.684177,0,0.57,45.17,GPS Spoofing,0.9,HIGH,0.2613,,{},2026-02-23 21:04:51
1604,2026-02-23T21:04:51.684177,3,84.24,63.87,Position Falsification,0.6,MEDIUM,0.4,,{},2026-02-23 21:04:51
1605,2026-02-23T21:04:51.684177,6,3.91,82.04,DoS Attack,0.6,HIGH,0.4,,{},2026-02-23 21:04:51
1606,2026-02-23T21:04:51.684177,9,43.44,97.23,GPS Spoofing,1.0,HIGH,0.3719,,{},2026-02-23 21:04:51
1607,2026-02-23T21:04:51.684177,12,60.13,25.85,DoS Attack,0.6,HIGH,0.4,,{},2026-02-23 21:04:51
1608,2026-02-23T21:04:51.884643,0,0.0,41.11,GPS Spoofing,0.9,HIGH,0.3594,,{},2026-02-23 21:04:51
1609,2026-02-23T21:04:51.884643,3,80.3,61.93,DoS Attack,0.6,HIGH,0.3835,,{},2026-02-23 21:04:51
1610,2026-02-23T21:04:51.884643,6,3.74,81.58,DoS Attack,0.6,HIGH,0.4,,{},2026-02-23 21:04:51
1611,2026-02-23T21:04:51.884643,9,47.59,94.46,GPS Spoofing,1.0,HIGH,0.4,,{},2026-02-23 21:04:51
1612,2026-02-23T21:04:51.884643,12,64.98,25.67,DoS Attack,0.6,HIGH,0.4,,{},2026-02-23 21:04:51
1613,2026-02-23T21:04:52.084395,0,4.86,42.81,GPS Spoofing,0.9,HIGH,0.3461,,{},2026-02-23 21:04:52
1614,2026-02-23T21:04:52.084395,3,85.3,63.96,DoS Attack,0.6,HIGH,0.3999,,{},2026-02-23 21:04:52
1615,2026-02-23T21:04:52.084395,6,3.58,81.11,DoS Attack,0.6,HIGH,0.3658,,{},2026-02-23 21:04:52
1616,2026-02-23T21:04:52.084395,9,51.75,91.69,GPS Spoofing,1.0,HIGH,0.3271,,{},2026-02-23 21:04:52
1617,2026-02-23T21:04:52.084395,12,69.82,25.49,DoS Attack,0.6,HIGH,0.3256,,{},2026-02-23 21:04:52
1618,2026-02-23T21:04:52.283087,0,2.58,46.7,Position Falsification,0.6,MEDIUM,0.4,,{},2026-02-23 21:04:52
1619,2026-02-23T21:04:52.283087,3,90.3,66.0,DoS Attack,0.6,HIGH,0.4,,{},2026-02-23 21:04:52
1620,2026-02-23T21:04:52.283846,6,3.41,80.64,DoS Attack,0.6,HIGH,0.4,,{},2026-02-23 21:04:52
1621,2026-02-23T21:04:52.283846,9,55.91,88.92,GPS Spoofing,1.0,HIGH,0.4,,{},2026-02-23 21:04:52
1622,2026-02-23T21:04:52.283846,12,74.66,25.31,DoS Attack,0.6,HIGH,0.3323,,{},2026-02-23 21:04:52
1623,2026-02-23T21:04:52.483353,0,0.3,50.59,Position Falsification,0.6,MEDIUM,0.4,,{},2026-02-23 21:04:52
1624,2026-02-23T21:04:52.483353,3,95.3,68.03,DoS Attack,0.6,HIGH,0.3733,,{},2026-02-23 21:04:52
1625,2026-02-23T21:04:52.484054,6,0.0,79.4,GPS Spoofing,0.9,HIGH,0.4,,{},2026-02-23 21:04:52
1626,2026-02-23T21:04:52.484054,9,60.06,86.15,GPS Spoofing,1.0,HIGH,0.3025,,{},2026-02-23 21:04:52
1627,2026-02-23T21:04:52.484359,12,79.51,25.13,DoS Attack,0.6,HIGH,0.2274,,{},2026-02-23 21:04:52
1628,2026-02-23T21:04:52.684024,0,2.64,47.12,GPS Spoofing,0.8,HIGH,0.4,,{},2026-02-23 21:04:52
1629,2026-02-23T21:04:52.684024,3,98.51,64.79,Position Falsification,0.6,MEDIUM,0.3649,,{},2026-02-23 21:04:52
1630,2026-02-23T21:04:52.684024,6,3.82,78.16,GPS Spoofing,0.9,HIGH,0.3106,,{},2026-02-23 21:04:52
1631,2026-02-23T21:04:52.684024,9,63.63,81.27,GPS Spoofing,1.0,HIGH,0.3206,,{},2026-02-23 21:04:52
1632,2026-02-23T21:04:52.684024,12,83.61,20.45,DoS Attack,0.6,HIGH,0.2021,,{},2026-02-23 21:04:52
1633,2026-02-23T21:04:52.883632,0,4.98,43.65,GPS Spoofing,0.8,HIGH,0.4,,{},2026-02-23 21:04:52
1634,2026-02-23T21:04:52.883632,3,100.0,61.34,Position Falsification,0.6,MEDIUM,0.3513,,{},2026-02-23 21:04:52
1635,2026-02-23T21:04:52.883632,6,0.0,79.02,GPS Spoofing,0.9,HIGH,0.3772,,{},2026-02-23 21:04:52
1636,2026-02-23T21:04:52.883632,9,67.2,76.38,GPS Spoofing,1.0,HIGH,0.2722,,{},2026-02-23 21:04:52
1637,2026-02-23T21:04:52.883632,12,87.72,15.76,DoS Attack,0.6,HIGH,0.2804,,{},2026-02-23 21:04:52
1638,2026-02-23T21:04:53.083497,0,7.33,40.18,GPS Spoofing,0.8,HIGH,0.4,,{},2026-02-23 21:04:53
1639,2026-02-23T21:04:53.083497,3,97.13,57.89,Position Falsification,0.6,MEDIUM,0.4,,{},2026-02-23 21:04:53
1640,2026-02-23T21:04:53.083497,6,1.4,78.3,GPS Spoofing,0.9,HIGH,0.3403,,{},2026-02-23 21:04:53
1641,2026-02-23T21:04:53.083497,9,70.77,71.5,GPS Spoofing,1.0,HIGH,0.3154,,{},2026-02-23 21:04:53
1642,2026-02-23T21:04:53.083497,12,91.82,11.08,GPS Spoofing,0.9,HIGH,0.2747,,{},2026-02-23 21:04:53
1643,2026-02-23T21:04:53.284328,0,9.67,36.71,Position Falsification,0.6,MEDIUM,0.4,,{},2026-02-23 21:04:53
1644,2026-02-23T21:04:53.284328,3,94.26,54.44,Position Falsification,0.6,MEDIUM,0.4,,{},2026-02-23 21:04:53
1645,2026-02-23T21:04:53.284328,6,2.8,77.58,GPS Spoofing,0.9,HIGH,0.3585,,{},2026-02-23 21:04:53
1646,2026-02-23T21:04:53.284328,9,74.34,66.61,GPS Spoofing,1.0,HIGH,0.1545,,{},2026-02-23 21:04:53
1647,2026-02-23T21:04:53.284328,12,95.93,6.39,GPS Spoofing,1.0,HIGH,0.3293,,{},2026-02-23 21:04:53
1648,2026-02-23T21:04:53.482768,0,13.69,39.62,Position Falsification,0.6,MEDIUM,0.4,,{},2026-02-23 21:04:53
1649,2026-02-23T21:04:53.482768,3,91.39,50.99,Position Falsification,0.6,MEDIUM,0.3948,,{},2026-02-23 21:04:53
1650,2026-02-23T21:04:53.482768,6,4.19,76.85,GPS Spoofing,0.9,HIGH,0.3146,,{},2026-02-23 21:04:53
1651,2026-02-23T21:04:53.482768,9,71.38,63.3,GPS Spoofing,1.0,HIGH,0.284,,{},2026-02-23 21:04:53
1652,2026-02-23T21:04:53.483616,12,91.52,8.23,GPS Spoofing,1.0,HIGH,0.3826,,{},2026-02-23 21:04:53
1653,2026-02-23T21:04:53.674990,0,17.71,42.53,Position Falsification,0.6,MEDIUM,0.4,,{},2026-02-23 21:04:53
1654,2026-02-23T21:04:53.674990,3,86.87,55.54,GPS Spoofing,0.9,HIGH,0.4,,{},2026-02-23 21:04:53
1655,2026-02-23T21:04:53.674990,6,0.15,80.35,GPS Spoofing,1.0,HIGH,0.4,,{},2026-02-23 21:04:53
1656,2026-02-23T21:04:53.674990,9,76.06,61.32,GPS Spoofing,1.0,HIGH,0.3699,,{},2026-02-23 21:04:53
1657,2026-02-23T21:04:53.674990,12,87.12,10.07,GPS Spoofing,1.0,HIGH,0.4,,{},2026-02-23 21:04:53
1658,2026-02-23T21:04:53.884540,0,21.73,45.44,Position Falsification,0.6,MEDIUM,0.3654,,{},2026-02-23 21:04:53
1659,2026-02-23T21:04:53.884980,3,82.35,60.09,GPS Spoofing,1.0,HIGH,0.4,,{},2026-02-23 21:04:53
1660,2026-02-23T21:04:53.884980,6,0.0,83.84,GPS Spoofing,1.0,HIGH,0.3855,,{},2026-02-23 21:04:53
1661,2026-02-23T21:04:53.884980,9,79.81,63.46,GPS Spoofing,1.0,HIGH,0.3672,,{},2026-02-23 21:04:53
1662,2026-02-23T21:04:53.884980,12,82.71,11.9,GPS Spoofing,1.0,HIGH,0.3264,,{},2026-02-23 21:04:53
1663,2026-02-23T21:04:54.083493,0,18.34,47.33,Position Falsification,0.6,MEDIUM,0.3751,,{},2026-02-23 21:04:54
1664,2026-02-23T21:04:54.083493,3,77.83,64.65,GPS Spoofing,1.0,HIGH,0.374,,{},2026-02-23 21:04:54
1665,2026-02-23T21:04:54.083493,6,4.04,87.33,GPS Spoofing,1.0,HIGH,0.4,,{},2026-02-23 21:04:54
1666,2026-02-23T21:04:54.083493,9,75.34,68.34,GPS Spoofing,1.0,HIGH,0.4,,{},2026-02-23 21:04:54
1667,2026-02-23T21:04:54.083493,12,78.31,13.74,GPS Spoofing,1.0,HIGH,0.3458,,{},2026-02-23 21:04:54
1668,2026-02-23T21:04:54.283396,0,14.95,49.22,Position Falsification,0.6,MEDIUM,0.4,,{},2026-02-23 21:04:54
1669,2026-02-23T21:04:54.283396,3,73.31,69.2,GPS Spoofing,1.0,HIGH,0.3171,,{},2026-02-23 21:04:54
1670,2026-02-23T21:04:54.283396,6,1.65,92.21,GPS Spoofing,1.0,HIGH,0.4,,{},2026-02-23 21:04:54
1671,2026-02-23T21:04:54.283396,9,74.07,70.4,GPS Spoofing,1.0,HIGH,0.4,,{},2026-02-23 21:04:54
1672,2026-02-23T21:04:54.283396,12,83.19,10.79,GPS Spoofing,1.0,HIGH,0.3718,,{},2026-02-23 21:04:54
1673,2026-02-23T21:04:54.483382,0,11.56,51.11,Position Falsification,0.6,MEDIUM,0.4,,{},2026-02-23 21:04:54
1674,2026-02-23T21:04:54.483382,3,68.79,73.76,GPS Spoofing,1.0,HIGH,0.3476,,{},2026-02-23 21:04:54
1675,2026-02-23T21:04:54.483382,6,0.0,97.09,GPS Spoofing,1.0,HIGH,0.4,,{},2026-02-23 21:04:54
1676,2026-02-23T21:04:54.483382,9,72.8,72.46,GPS Spoofing,1.0,HIGH,0.4,,{},2026-02-23 21:04:54
1677,2026-02-23T21:04:54.483382,12,83.84,5.81,GPS Spoofing,1.0,HIGH,0.4,,{},2026-02-23 21:04:54
1678,2026-02-23T21:04:54.682959,0,8.17,53.0,Position Falsification,0.6,MEDIUM,0.4,,{},2026-02-23 21:04:54
1679,2026-02-23T21:04:54.682959,3,64.27,78.31,GPS Spoofing,1.0,HIGH,0.3095,,{},2026-02-23 21:04:54
1680,2026-02-23T21:04:54.682959,6,2.39,100.0,GPS Spoofing,1.0,HIGH,0.4,,{},2026-02-23 21:04:54
1681,2026-02-23T21:04:54.682959,9,71.52,74.52,GPS Spoofing,1.0,HIGH,0.4,,{},2026-02-23 21:04:54
1682,2026-02-23T21:04:54.682959,12,84.37,7.88,GPS Spoofing,1.0,HIGH,0.4,,{},2026-02-23 21:04:54
1683,2026-02-23T21:04:54.890631,0,4.23,50.95,Position Falsification,0.6,MEDIUM,0.3308,,{},2026-02-23 21:04:54
1684,2026-02-23T21:04:54.891825,3,69.1,81.51,GPS Spoofing,1.0,HIGH,0.3399,,{},2026-02-23 21:04:54
1685,2026-02-23T21:04:54.891825,6,6.46,100.0,GPS Spoofing,1.0,HIGH,0.4,,{},2026-02-23 21:04:54
1686,2026-02-23T21:04:54.891825,9,70.25,76.58,GPS Spoofing,0.9,HIGH,0.4,,{},2026-02-23 21:04:54
1687,2026-02-23T21:04:54.891825,12,84.9,9.95,GPS Spoofing,1.0,HIGH,0.4,,{},2026-02-23 21:04:54
1688,2026-02-23T21:04:55.086733,0,8.33,46.96,GPS Spoofing,0.9,HIGH,0.3934,,{},2026-02-23 21:04:55
1689,2026-02-23T21:04:55.086733,3,73.93,84.71,GPS Spoofing,1.0,HIGH,0.4,,{},2026-02-23 21:04:55
1690,2026-02-23T21:04:55.086733,6,1.81,97.18,GPS Spoofing,1.0,HIGH,0.4,,{},2026-02-23 21:04:55
1691,2026-02-23T21:04:55.086733,9,68.98,78.63,Position Falsification,0.6,MEDIUM,0.4,,{},2026-02-23 21:04:55
1692,2026-02-23T21:04:55.086733,12,85.43,12.02,GPS Spoofing,1.0,HIGH,0.4,,{},2026-02-23 21:04:55
1693,2026-02-23T21:04:55.283771,0,12.44,42.96,GPS Spoofing,0.9,HIGH,0.4,,{},2026-02-23 21:04:55
1694,2026-02-23T21:04:55.283771,3,78.76,87.91,GPS Spoofing,1.0,HIGH,0.3042,,{},2026-02-23 21:04:55
1695,2026-02-23T21:04:55.283771,6,0.0,94.35,GPS Spoofing,1.0,HIGH,0.4,,{},2026-02-23 21:04:55
1696,2026-02-23T21:04:55.283771,9,67.71,80.69,Position Falsification,0.6,MEDIUM,0.4,,{},2026-02-23 21:04:55
1697,2026-02-23T21:04:55.283771,12,88.41,11.06,GPS Spoofing,1.0,HIGH,0.4,,{},2026-02-23 21:04:55
1698,2026-02-23T21:04:55.483136,0,13.94,41.46,Position Falsification,0.6,MEDIUM,0.2676,,{},2026-02-23 21:04:55
1699,2026-02-23T21:04:55.483136,3,80.26,89.41,GPS Spoofing,0.8,HIGH,0.1615,,{},2026-02-23 21:04:55
1700,2026-02-23T21:04:55.483136,6,1.5,92.85,GPS Spoofing,1.0,HIGH,0.4,,{},2026-02-23 21:04:55
1701,2026-02-23T21:04:55.483136,9,66.42,82.19,Position Falsification,0.6,MEDIUM,0.1759,,{},2026-02-23 21:04:55
1702,2026-02-23T21:04:55.483136,12,89.91,10.19,GPS Spoofing,1.0,HIGH,0.3338,,{},2026-02-23 21:04:55
1703,2026-02-23T21:04:55.680051,0,15.44,40.02,Position Falsification,0.6,MEDIUM,0.2432,,{},2026-02-23 21:04:55
1704,2026-02-23T21:04:55.680051,3,81.76,90.91,GPS Spoofing,0.8,HIGH,0.1849,,{},2026-02-23 21:04:55
1705,2026-02-23T21:04:55.680051,6,3.0,91.44,GPS Spoofing,0.9,HIGH,0.4,,{},2026-02-23 21:04:55
1706,2026-02-23T21:04:55.680051,9,65.18,83.61,Position Falsification,0.6,MEDIUM,0.1326,,{},2026-02-23 21:04:55
1707,2026-02-23T21:04:55.680051,12,91.36,9.25,GPS Spoofing,0.9,HIGH,0.3428,,{},2026-02-23 21:04:55
1708,2026-02-23T21:04:55.883246,0,16.94,38.62,Position Falsification,0.6,MEDIUM,0.1965,,{},2026-02-23 21:04:55
1709,2026-02-23T21:04:55.883246,3,83.26,92.41,GPS Spoofing,1.0,HIGH,0.1849,,{},2026-02-23 21:04:55
1710,2026-02-23T21:04:55.883246,6,4.5,90.1,Position Falsification,0.6,MEDIUM,0.4,,{},2026-02-23 21:04:55
1711,2026-02-23T21:04:55.883246,12,92.77,8.38,GPS Spoofing,0.9,HIGH,0.2784,,{},2026-02-23 21:04:55
1712,2026-02-23T21:04:56.083470,0,18.41,37.27,Position Falsification,0.6,MEDIUM,0.1967,,{},2026-02-23 21:04:56
1713,2026-02-23T21:04:56.083470,3,84.71,93.85,GPS Spoofing,0.9,HIGH,0.1854,,{},2026-02-23 21:04:56
1714,2026-02-23T21:04:56.083470,6,5.95,88.82,Sybil Attack,0.5,HIGH,0.4,,{},2026-02-23 21:04:56
1715,2026-02-23T21:04:56.083470,12,94.14,7.6,GPS Spoofing,0.9,HIGH,0.1923,,{},2026-02-23 21:04:56
1716,2026-02-23T21:04:56.280193,0,19.88,35.85,Position Falsification,0.6,MEDIUM,0.1975,,{},2026-02-23 21:04:56
1717,2026-02-23T21:04:56.280193,3,86.19,95.22,Position Falsification,0.6,MEDIUM,0.186,,{},2026-02-23 21:04:56
1718,2026-02-23T21:04:56.280193,6,7.45,87.46,Sybil Attack,0.5,HIGH,0.3966,,{},2026-02-23 21:04:56
1719,2026-02-23T21:04:56.280193,12,95.59,6.76,GPS Spoofing,0.9,HIGH,0.1311,,{},2026-02-23 21:04:56
1720,2026-02-23T21:04:56.482213,0,21.38,34.37,Position Falsification,0.7,MEDIUM,0.1729,,{},2026-02-23 21:04:56
1721,2026-02-23T21:04:56.482941,3,87.69,96.52,Position Falsification,0.3,LOW,0.1272,,{},2026-02-23 21:04:56
1722,2026-02-23T21:04:56.482941,6,8.85,86.01,Unknown Attack,0.5,LOW,0.3104,,{},2026-02-23 21:04:56
1723,2026-02-23T21:04:56.682703,0,22.88,32.89,Position Falsification,0.7,MEDIUM,0.1183,,{},2026-02-23 21:04:56
1724,2026-02-23T21:04:56.682703,6,10.16,84.51,Unknown Attack,0.5,LOW,0.2354,,{},2026-02-23 21:04:56
1725,2026-02-23T21:04:56.890418,6,11.47,83.01,Unknown Attack,0.5,LOW,0.1228,,{},2026-02-23 21:04:56
