id,timestamp,total_vehicles,total_anomalies,detection_rate,scenario,created_at
1,2026-02-23T20:32:11.295834,15,5,33.33333333333333,ATTACK,2026-02-23 20:32:11
2,2026-02-23T20:32:15.029463,15,5,33.33333333333333,ATTACK,2026-02-23 20:32:15
3,2026-02-23T20:33:03.940021,15,5,33.33333333333333,ATTACK,2026-02-23 20:33:03
4,2026-02-23T20:33:15.996833,15,5,33.33333333333333,ATTACK,2026-02-23 20:33:15
5,2026-02-23T20:33:17.998403,15,5,33.33333333333333,ATTACK,2026-02-23 20:33:17
6,2026-02-23T20:33:19.988431,15,5,33.33333333333333,ATTACK,2026-02-23 20:33:19
7,2026-02-23T20:33:21.988059,15,5,33.33333333333333,ATTACK,2026-02-23 20:33:21
8,2026-02-23T20:33:23.987923,15,5,33.33333333333333,ATTACK,2026-02-23 20:33:23
9,2026-02-23T20:33:25.984762,15,5,33.33333333333333,ATTACK,2026-02-23 20:33:25
10,2026-02-23T20:33:28.801918,15,5,33.33333333333333,ATTACK,2026-02-23 20:33:28
11,2026-02-23T20:33:38.778508,15,5,33.33333333333333,ATTACK,2026-02-23 20:33:38
12,2026-02-23T20:33:48.781794,15,5,33.33333333333333,ATTACK,2026-02-23 20:33:48
13,2026-02-23T20:33:57.912655,15,5,33.33333333333333,ATTACK,2026-02-23 20:33:57
14,2026-02-23T20:34:07.770766,15,5,33.33333333333333,ATTACK,2026-02-23 20:34:07
15,2026-02-23T20:34:17.792542,15,5,33.33333333333333,ATTACK,2026-02-23 20:34:17
16,2026-02-23T20:34:27.768332,15,5,33.33333333333333,ATTACK,2026-02-23 20:34:27
17,2026-02-23T20:37:56.997566,15,5,33.33333333333333,ATTACK,2026-02-23 20:37:56
18,2026-02-23T20:37:58.992414,15,4,26.666666666666668,NORMAL,2026-02-23 20:37:58
19,2026-02-23T20:38:00.929497,15,0,0.0,NORMAL,2026-02-23 20:38:00
20,2026-02-23T20:38:02.928987,15,0,0.0,NORMAL,2026-02-23 20:38:02
21,2026-02-23T20:38:04.928747,15,0,0.0,NORMAL,2026-02-23 20:38:04
22,2026-02-23T20:38:53.211521,15,0,0.0,NORMAL,2026-02-23 20:38:53
23,2026-02-23T20:38:55.025294,15,0,0.0,NORMAL,2026-02-23 20:38:55
24,2026-02-23T20:38:57.021198,15,0,0.0,NORMAL,2026-02-23 20:38:57
25,2026-02-23T20:38:59.021624,15,0,0.0,NORMAL,2026-02-23 20:38:59
26,2026-02-23T20:39:01.023594,15,0,0.0,NORMAL,2026-02-23 20:39:01
27,2026-02-23T20:39:03.027072,15,0,0.0,NORMAL,2026-02-23 20:39:03
28,2026-02-23T20:39:05.020552,15,0,0.0,NORMAL,2026-02-23 20:39:05
29,2026-02-23T20:39:07.022453,15,0,0.0,NORMAL,2026-02-23 20:39:07
30,2026-02-23T20:39:09.020331,15,0,0.0,NORMAL,2026-02-23 20:39:09
31,2026-02-23T20:39:11.026040,15,0,0.0,NORMAL,2026-02-23 20:39:11
32,2026-02-23T20:39:13.066003,15,0,0.0,NORMAL,2026-02-23 20:39:13
33,2026-02-23T20:39:22.725718,15,0,0.0,NORMAL,2026-02-23 20:39:22
34,2026-02-23T20:39:32.721257,15,0,0.0,NORMAL,2026-02-23 20:39:32
35,2026-02-23T20:39:42.735991,15,0,0.0,NORMAL,2026-02-23 20:39:42
36,2026-02-23T20:39:52.718452,15,0,0.0,NORMAL,2026-02-23 20:39:52
37,2026-02-23T20:40:02.727560,15,0,0.0,NORMAL,2026-02-23 20:40:02
38,2026-02-23T20:40:12.722112,15,0,0.0,NORMAL,2026-02-23 20:40:12
39,2026-02-23T21:03:52.492293,15,0,0.0,NORMAL,2026-02-23 21:03:52
40,2026-02-23T21:03:54.485338,15,0,0.0,NORMAL,2026-02-23 21:03:54
41,2026-02-23T21:03:56.555426,15,0,0.0,NORMAL,2026-02-23 21:03:56
42,2026-02-23T21:03:58.714895,15,0,0.0,NORMAL,2026-02-23 21:03:58
43,2026-02-23T21:04:08.724711,15,0,0.0,NORMAL,2026-02-23 21:04:08
44,2026-02-23T21:04:16.904967,15,0,0.0,NORMAL,2026-02-23 21:04:16
45,2026-02-23T21:04:18.888591,15,0,0.0,NORMAL,2026-02-23 21:04:18
46,2026-02-23T21:04:20.888008,15,0,0.0,NORMAL,2026-02-23 21:04:20
47,2026-02-23T21:04:22.956289,15,5,33.33333333333333,ATTACK,2026-02-23 21:04:22
48,2026-02-23T21:04:24.948024,15,5,33.33333333333333,ATTACK,2026-02-23 21:04:24
49,2026-02-23T21:04:26.948289,15,5,33.33333333333333,ATTACK,2026-02-23 21:04:26
50,2026-02-23T21:04:28.948810,15,5,33.33333333333333,ATTACK,2026-02-23 21:04:28
51,2026-02-23T21:04:30.949770,15,5,33.33333333333333,ATTACK,2026-02-23 21:04:30
52,2026-02-23T21:04:32.947280,15,5,33.33333333333333,ATTACK,2026-02-23 21:04:32
53,2026-02-23T21:04:34.948235,15,5,33.33333333333333,ATTACK,2026-02-23 21:04:34
54,2026-02-23T21:04:36.949360,15,5,33.33333333333333,ATTACK,2026-02-23 21:04:36
55,2026-02-23T21:04:38.953862,15,5,33.33333333333333,ATTACK,2026-02-23 21:04:38
56,2026-02-23T21:04:40.950928,15,5,33.33333333333333,ATTACK,2026-02-23 21:04:40
57,2026-02-23T21:04:42.951363,15,5,33.33333333333333,ATTACK,2026-02-23 21:04:42
58,2026-02-23T21:04:44.949395,15,5,33.33333333333333,ATTACK,2026-02-23 21:04:44
59,2026-02-23T21:04:46.983827,15,5,33.33333333333333,ATTACK,2026-02-23 21:04:46
60,2026-02-23T21:04:48.975581,15,5,33.33333333333333,ATTACK,2026-02-23 21:04:48
61,2026-02-23T21:04:50.943266,15,5,33.33333333333333,ATTACK,2026-02-23 21:04:50
62,2026-02-23T21:04:52.942074,15,5,33.33333333333333,ATTACK,2026-02-23 21:04:52
63,2026-02-23T21:04:54.949863,15,5,33.33333333333333,ATTACK,2026-02-23 21:04:54
64,2026-02-23T21:04:56.899974,15,1,6.666666666666667,NORMAL,2026-02-23 21:04:56
65,2026-02-23T21:04:58.887052,15,0,0.0,NORMAL,2026-02-23 21:04:58
66,2026-02-23T21:05:00.884933,15,0,0.0,NORMAL,2026-02-23 21:05:00
67,2026-02-23T21:05:02.891589,15,0,0.0,NORMAL,2026-02-23 21:05:02
68,2026-02-23T21:05:04.885012,15,0,0.0,NORMAL,2026-02-23 21:05:04
69,2026-02-23T21:05:06.880923,15,0,0.0,NORMAL,2026-02-23 21:05:06
70,2026-02-23T21:05:08.882136,15,0,0.0,NORMAL,2026-02-23 21:05:08
71,2026-02-23T21:05:10.880767,15,0,0.0,NORMAL,2026-02-23 21:05:10
72,2026-02-23T21:05:12.881500,15,0,0.0,NORMAL,2026-02-23 21:05:12
73,2026-02-23T21:05:14.888548,15,0,0.0,NORMAL,2026-02-23 21:05:14
74,2026-02-23T21:05:16.888563,15,0,0.0,NORMAL,2026-02-23 21:05:16
75,2026-02-23T21:05:18.887937,15,0,0.0,NORMAL,2026-02-23 21:05:18
76,2026-02-23T21:05:20.882571,15,0,0.0,NORMAL,2026-02-23 21:05:20
77,2026-02-23T21:05:22.887285,15,0,0.0,NORMAL,2026-02-23 21:05:22
78,2026-02-23T21:05:24.884435,15,0,0.0,NORMAL,2026-02-23 21:05:24
79,2026-02-23T21:05:26.884085,15,0,0.0,NORMAL,2026-02-23 21:05:26
80,2026-02-23T21:05:28.894074,15,0,0.0,NORMAL,2026-02-23 21:05:28
81,2026-02-23T21:05:30.890478,15,0,0.0,NORMAL,2026-02-23 21:05:30
82,2026-02-23T21:05:32.886664,15,0,0.0,NORMAL,2026-02-23 21:05:32
83,2026-02-23T21:05:34.883325,15,0,0.0,NORMAL,2026-02-23 21:05:34
84,2026-02-23T21:05:36.883866,15,0,0.0,NORMAL,2026-02-23 21:05:36
85,2026-02-23T21:05:38.886030,15,0,0.0,NORMAL,2026-02-23 21:05:38
86,2026-02-23T21:05:40.891323,15,0,0.0,NORMAL,2026-02-23 21:05:40
87,2026-02-23T21:05:42.885919,15,0,0.0,NORMAL,2026-02-23 21:05:42
88,2026-02-23T21:05:44.888892,15,0,0.0,NORMAL,2026-02-23 21:05:44
89,2026-02-23T21:05:46.886192,15,0,0.0,NORMAL,2026-02-23 21:05:46
90,2026-02-23T21:05:48.890284,15,0,0.0,NORMAL,2026-02-23 21:05:48
91,2026-02-23T21:05:51.716556,15,0,0.0,NORMAL,2026-02-23 21:05:51
92,2026-02-23T21:06:01.720359,15,0,0.0,NORMAL,2026-02-23 21:06:01
93,2026-02-23T21:06:11.718568,15,0,0.0,NORMAL,2026-02-23 21:06:11
94,2026-02-23T21:06:21.720977,15,0,0.0,NORMAL,2026-02-23 21:06:21
95,2026-02-23T21:06:31.718119,15,0,0.0,NORMAL,2026-02-23 21:06:31
96,2026-02-23T21:06:41.722990,15,0,0.0,NORMAL,2026-02-23 21:06:41
97,2026-02-23T21:08:29.732954,15,0,0.0,NORMAL,2026-02-23 21:08:29
98,2026-02-23T21:09:20.283709,15,0,0.0,NORMAL,2026-02-23 21:09:20
99,2026-02-23T21:09:22.286360,15,0,0.0,NORMAL,2026-02-23 21:09:22
100,2026-02-23T21:09:24.284195,15,0,0.0,NORMAL,2026-02-23 21:09:24
101,2026-02-23T21:09:26.285912,15,0,0.0,NORMAL,2026-02-23 21:09:26
102,2026-02-23T21:09:28.285207,15,0,0.0,NORMAL,2026-02-23 21:09:28
103,2026-02-23T21:09:30.284770,15,0,0.0,NORMAL,2026-02-23 21:09:30
104,2026-02-23T21:09:32.283371,15,0,0.0,NORMAL,2026-02-23 21:09:32
105,2026-02-23T21:09:34.285146,15,0,0.0,NORMAL,2026-02-23 21:09:34
106,2026-02-23T21:09:36.284135,15,0,0.0,NORMAL,2026-02-23 21:09:36
107,2026-02-23T21:09:38.285656,15,0,0.0,NORMAL,2026-02-23 21:09:38
108,2026-02-23T21:09:40.282941,15,0,0.0,NORMAL,2026-02-23 21:09:40
109,2026-02-23T21:09:42.339947,15,5,33.33333333333333,ATTACK,2026-02-23 21:09:42
110,2026-02-23T21:09:44.340422,15,5,33.33333333333333,ATTACK,2026-02-23 21:09:44
111,2026-02-23T21:09:46.340299,15,5,33.33333333333333,ATTACK,2026-02-23 21:09:46
112,2026-02-23T21:09:48.339976,15,5,33.33333333333333,ATTACK,2026-02-23 21:09:48
113,2026-02-23T21:09:50.341621,15,5,33.33333333333333,ATTACK,2026-02-23 21:09:50
114,2026-02-23T21:09:52.289544,15,0,0.0,NORMAL,2026-02-23 21:09:52
115,2026-02-23T21:09:54.287241,15,0,0.0,NORMAL,2026-02-23 21:09:54
116,2026-02-23T21:09:56.285500,15,0,0.0,NORMAL,2026-02-23 21:09:56
117,2026-02-23T21:09:58.286619,15,0,0.0,NORMAL,2026-02-23 21:09:58
118,2026-02-23T21:10:00.290093,15,0,0.0,NORMAL,2026-02-23 21:10:00
119,2026-02-23T21:10:02.285255,15,0,0.0,NORMAL,2026-02-23 21:10:02
120,2026-02-23T21:10:04.286701,15,0,0.0,NORMAL,2026-02-23 21:10:04
121,2026-02-23T21:10:06.283955,15,0,0.0,NORMAL,2026-02-23 21:10:06
122,2026-02-23T21:10:08.286106,15,0,0.0,NORMAL,2026-02-23 21:10:08
123,2026-02-23T21:10:10.278552,15,0,0.0,NORMAL,2026-02-23 21:10:10
124,2026-02-23T21:10:12.286307,15,0,0.0,NORMAL,2026-02-23 21:10:12
125,2026-02-23T21:10:14.287986,15,0,0.0,NORMAL,2026-02-23 21:10:14
126,2026-02-23T21:10:16.288542,15,0,0.0,NORMAL,2026-02-23 21:10:16
127,2026-02-23T21:10:18.286087,15,0,0.0,NORMAL,2026-02-23 21:10:18
128,2026-02-23T21:10:20.288896,15,0,0.0,NORMAL,2026-02-23 21:10:20
129,2026-02-23T21:10:22.285744,15,0,0.0,NORMAL,2026-02-23 21:10:22
130,2026-02-23T21:10:24.284405,15,0,0.0,NORMAL,2026-02-23 21:10:24
131,2026-02-23T21:10:26.294581,15,0,0.0,NORMAL,2026-02-23 21:10:26
132,2026-02-23T21:10:28.284838,15,0,0.0,NORMAL,2026-02-23 21:10:28
133,2026-02-23T21:10:30.285468,15,0,0.0,NORMAL,2026-02-23 21:10:30
134,2026-02-23T21:10:32.284177,15,0,0.0,NORMAL,2026-02-23 21:10:32
135,2026-02-23T21:10:34.285966,15,0,0.0,NORMAL,2026-02-23 21:10:34
136,2026-02-23T21:10:39.724339,15,0,0.0,NORMAL,2026-02-23 21:10:39
137,2026-02-23T21:10:41.885678,15,0,0.0,NORMAL,2026-02-23 21:10:41
138,2026-02-23T21:10:43.887535,15,0,0.0,NORMAL,2026-02-23 21:10:43
139,2026-02-23T21:10:45.887786,15,0,0.0,NORMAL,2026-02-23 21:10:45
140,2026-02-23T21:10:47.882612,15,0,0.0,NORMAL,2026-02-23 21:10:47
141,2026-02-23T21:10:49.888362,15,0,0.0,NORMAL,2026-02-23 21:10:49
142,2026-02-23T21:10:51.884609,15,0,0.0,NORMAL,2026-02-23 21:10:51
143,2026-02-23T21:10:55.712444,15,0,0.0,NORMAL,2026-02-23 21:10:55
144,2026-02-23T21:11:05.719839,15,0,0.0,NORMAL,2026-02-23 21:11:05
145,2026-02-23T21:11:08.489652,15,0,0.0,NORMAL,2026-02-23 21:11:08
146,2026-02-23T21:11:17.721832,15,0,0.0,NORMAL,2026-02-23 21:11:17
147,2026-02-23T21:11:27.728480,15,0,0.0,NORMAL,2026-02-23 21:11:27
148,2026-02-23T21:11:32.886013,15,0,0.0,NORMAL,2026-02-23 21:11:32
149,2026-02-23T21:11:34.885028,15,0,0.0,NORMAL,2026-02-23 21:11:34
150,2026-02-23T21:11:36.883364,15,0,0.0,NORMAL,2026-02-23 21:11:36
151,2026-02-23T21:11:38.886642,15,0,0.0,NORMAL,2026-02-23 21:11:38
152,2026-02-23T21:11:40.884559,15,0,0.0,NORMAL,2026-02-23 21:11:40
153,2026-02-23T21:11:42.887035,15,0,0.0,NORMAL,2026-02-23 21:11:42
154,2026-02-23T21:11:44.884390,15,0,0.0,NORMAL,2026-02-23 21:11:44
155,2026-02-23T21:11:46.892166,15,0,0.0,NORMAL,2026-02-23 21:11:46
156,2026-02-23T21:11:48.886606,15,0,0.0,NORMAL,2026-02-23 21:11:48
157,2026-02-23T21:11:50.884974,15,0,0.0,NORMAL,2026-02-23 21:11:50
158,2026-02-23T21:11:52.887636,15,0,0.0,NORMAL,2026-02-23 21:11:52
159,2026-02-23T21:11:54.890035,15,0,0.0,NORMAL,2026-02-23 21:11:54
160,2026-02-23T21:11:56.889782,15,0,0.0,NORMAL,2026-02-23 21:11:56
161,2026-02-23T21:11:58.897103,15,0,0.0,NORMAL,2026-02-23 21:11:58
162,2026-02-23T21:12:00.887416,15,0,0.0,NORMAL,2026-02-23 21:12:00
163,2026-02-23T21:12:02.886691,15,0,0.0,NORMAL,2026-02-23 21:12:02
164,2026-02-23T21:12:04.885002,15,0,0.0,NORMAL,2026-02-23 21:12:04
165,2026-02-23T21:12:06.884205,15,0,0.0,NORMAL,2026-02-23 21:12:06
166,2026-02-23T21:12:08.950902,15,0,0.0,NORMAL,2026-02-23 21:12:08
167,2026-02-23T21:12:10.885794,15,0,0.0,NORMAL,2026-02-23 21:12:10
168,2026-02-23T21:12:12.885329,15,0,0.0,NORMAL,2026-02-23 21:12:12
169,2026-02-23T21:12:14.884813,15,0,0.0,NORMAL,2026-02-23 21:12:14
170,2026-02-23T21:12:16.884611,15,0,0.0,NORMAL,2026-02-23 21:12:16
171,2026-02-23T21:12:18.886752,15,0,0.0,NORMAL,2026-02-23 21:12:18
172,2026-02-23T21:12:20.887565,15,0,0.0,NORMAL,2026-02-23 21:12:20
173,2026-02-23T21:12:22.887040,15,0,0.0,NORMAL,2026-02-23 21:12:22
174,2026-02-23T21:12:24.885313,15,0,0.0,NORMAL,2026-02-23 21:12:24
175,2026-02-23T21:12:26.884203,15,0,0.0,NORMAL,2026-02-23 21:12:26
176,2026-02-23T21:12:32.727377,15,0,0.0,NORMAL,2026-02-23 21:12:32
177,2026-02-23T21:12:41.689480,15,0,0.0,NORMAL,2026-02-23 21:12:41
178,2026-02-23T21:12:43.756135,15,5,33.33333333333333,ATTACK,2026-02-23 21:12:43
179,2026-02-23T21:12:45.809407,15,5,33.33333333333333,ATTACK,2026-02-23 21:12:45
180,2026-02-23T21:12:47.739423,15,5,33.33333333333333,ATTACK,2026-02-23 21:12:47
181,2026-02-23T21:12:49.773269,15,5,33.33333333333333,ATTACK,2026-02-23 21:12:49
182,2026-02-23T21:12:51.739083,15,5,33.33333333333333,ATTACK,2026-02-23 21:12:51
183,2026-02-23T21:12:53.739035,15,5,33.33333333333333,ATTACK,2026-02-23 21:12:53
184,2026-02-23T21:13:08.805421,15,5,33.33333333333333,ATTACK,2026-02-23 21:13:08
185,2026-02-23T21:13:10.802088,15,5,33.33333333333333,ATTACK,2026-02-23 21:13:10
186,2026-02-23T21:13:12.794989,15,5,33.33333333333333,ATTACK,2026-02-23 21:13:12
187,2026-02-23T21:13:14.784004,15,5,33.33333333333333,ATTACK,2026-02-23 21:13:14
188,2026-02-23T21:13:16.792798,15,5,33.33333333333333,ATTACK,2026-02-23 21:13:16
189,2026-02-23T21:13:18.784096,15,5,33.33333333333333,ATTACK,2026-02-23 21:13:18
190,2026-02-23T21:13:20.830493,15,5,33.33333333333333,ATTACK,2026-02-23 21:13:20
191,2026-02-23T21:13:22.790897,15,5,33.33333333333333,ATTACK,2026-02-23 21:13:22
192,2026-02-23T21:13:24.882937,15,5,33.33333333333333,ATTACK,2026-02-23 21:13:24
193,2026-02-23T21:13:26.791715,15,5,33.33333333333333,ATTACK,2026-02-23 21:13:26
194,2026-02-23T21:13:28.816425,15,5,33.33333333333333,ATTACK,2026-02-23 21:13:28
195,2026-02-23T21:13:30.789925,15,5,33.33333333333333,ATTACK,2026-02-23 21:13:30
196,2026-02-23T21:13:32.792341,15,5,33.33333333333333,ATTACK,2026-02-23 21:13:32
197,2026-02-23T21:13:34.790018,15,5,33.33333333333333,NORMAL,2026-02-23 21:13:34
198,2026-02-23T21:13:36.731347,15,0,0.0,NORMAL,2026-02-23 21:13:36
199,2026-02-23T21:13:43.727117,15,0,0.0,NORMAL,2026-02-23 21:13:43
200,2026-02-23T21:13:53.717886,15,0,0.0,NORMAL,2026-02-23 21:13:53
201,2026-02-23T21:14:02.725394,15,0,0.0,NORMAL,2026-02-23 21:14:02
202,2026-02-23T21:14:07.127014,15,0,0.0,NORMAL,2026-02-23 21:14:07
203,2026-02-23T21:14:20.663595,15,0,0.0,NORMAL,2026-02-23 21:14:20
204,2026-02-23T21:14:22.658722,15,0,0.0,NORMAL,2026-02-23 21:14:22
205,2026-02-23T21:14:24.735084,15,5,33.33333333333333,ATTACK,2026-02-23 21:14:24
206,2026-02-23T21:14:26.726300,15,5,33.33333333333333,ATTACK,2026-02-23 21:14:26
207,2026-02-23T21:14:28.716511,15,5,33.33333333333333,ATTACK,2026-02-23 21:14:28
208,2026-02-23T21:14:30.714140,15,5,33.33333333333333,ATTACK,2026-02-23 21:14:30
209,2026-02-23T21:14:32.714806,15,5,33.33333333333333,ATTACK,2026-02-23 21:14:32
210,2026-02-23T21:14:34.715179,15,5,33.33333333333333,ATTACK,2026-02-23 21:14:34
211,2026-02-23T21:14:36.713531,15,5,33.33333333333333,ATTACK,2026-02-23 21:14:36
212,2026-02-23T21:14:38.713315,15,5,33.33333333333333,ATTACK,2026-02-23 21:14:38
213,2026-02-23T21:14:40.713578,15,5,33.33333333333333,ATTACK,2026-02-23 21:14:40
214,2026-02-23T21:14:42.713498,15,5,33.33333333333333,ATTACK,2026-02-23 21:14:42
215,2026-02-23T21:14:44.704715,15,5,33.33333333333333,ATTACK,2026-02-23 21:14:44
216,2026-02-23T21:14:46.713158,15,5,33.33333333333333,ATTACK,2026-02-23 21:14:46
217,2026-02-23T21:14:48.706814,15,5,33.33333333333333,ATTACK,2026-02-23 21:14:48
218,2026-02-23T21:14:50.712043,15,5,33.33333333333333,ATTACK,2026-02-23 21:14:50
219,2026-02-23T21:14:52.713194,15,5,33.33333333333333,ATTACK,2026-02-23 21:14:52
220,2026-02-23T21:14:54.719898,15,5,33.33333333333333,ATTACK,2026-02-23 21:14:54
221,2026-02-23T21:15:04.784158,15,5,33.33333333333333,ATTACK,2026-02-23 21:15:04
222,2026-02-23T21:15:14.780870,15,5,33.33333333333333,ATTACK,2026-02-23 21:15:14
223,2026-02-23T21:15:24.789687,15,5,33.33333333333333,ATTACK,2026-02-23 21:15:24
224,2026-02-23T21:15:34.781818,15,5,33.33333333333333,ATTACK,2026-02-23 21:15:34
225,2026-02-23T21:15:38.322043,15,5,33.33333333333333,ATTACK,2026-02-23 21:15:38
226,2026-02-23T21:15:40.313238,15,5,33.33333333333333,ATTACK,2026-02-23 21:15:40
227,2026-02-23T21:15:42.321283,15,5,33.33333333333333,ATTACK,2026-02-23 21:15:42
228,2026-02-23T21:15:44.321142,15,5,33.33333333333333,ATTACK,2026-02-23 21:15:44
229,2026-02-23T21:15:46.326542,15,5,33.33333333333333,ATTACK,2026-02-23 21:15:46
230,2026-02-23T21:15:48.333887,15,5,33.33333333333333,ATTACK,2026-02-23 21:15:48
231,2026-02-23T21:15:50.321334,15,5,33.33333333333333,ATTACK,2026-02-23 21:15:50
232,2026-02-23T21:15:52.337723,15,5,33.33333333333333,ATTACK,2026-02-23 21:15:52
233,2026-02-23T21:15:54.313231,15,5,33.33333333333333,ATTACK,2026-02-23 21:15:54
234,2026-02-23T21:15:56.318997,15,5,33.33333333333333,ATTACK,2026-02-23 21:15:56
235,2026-02-23T21:15:58.783319,15,5,33.33333333333333,ATTACK,2026-02-23 21:15:58
236,2026-02-23T21:16:08.771909,15,5,33.33333333333333,ATTACK,2026-02-23 21:16:08
237,2026-02-23T21:16:16.116721,15,5,33.33333333333333,ATTACK,2026-02-23 21:16:16
238,2026-02-23T21:16:18.116195,15,5,33.33333333333333,ATTACK,2026-02-23 21:16:18
239,2026-02-23T21:16:20.115770,15,5,33.33333333333333,ATTACK,2026-02-23 21:16:20
240,2026-02-23T21:16:22.132878,15,5,33.33333333333333,ATTACK,2026-02-23 21:16:22
241,2026-02-23T21:16:24.124807,15,5,33.33333333333333,ATTACK,2026-02-23 21:16:24
242,2026-02-23T21:16:29.777406,15,5,33.33333333333333,ATTACK,2026-02-23 21:16:29
243,2026-02-23T21:16:33.113692,15,5,33.33333333333333,ATTACK,2026-02-23 21:16:33
244,2026-02-23T21:16:35.104312,15,5,33.33333333333333,ATTACK,2026-02-23 21:16:35
245,2026-02-23T21:16:37.113229,15,5,33.33333333333333,ATTACK,2026-02-23 21:16:37
246,2026-02-23T21:16:39.128720,15,5,33.33333333333333,ATTACK,2026-02-23 21:16:39
247,2026-02-23T21:16:41.121051,15,5,33.33333333333333,ATTACK,2026-02-23 21:16:41
248,2026-02-23T21:16:43.114456,15,5,33.33333333333333,ATTACK,2026-02-23 21:16:43
249,2026-02-23T21:16:45.121306,15,5,33.33333333333333,ATTACK,2026-02-23 21:16:45
250,2026-02-23T21:16:47.121364,15,5,33.33333333333333,ATTACK,2026-02-23 21:16:47
251,2026-02-23T21:16:49.153703,15,5,33.33333333333333,ATTACK,2026-02-23 21:16:49
252,2026-02-23T21:16:51.120425,15,5,33.33333333333333,ATTACK,2026-02-23 21:16:51
253,2026-02-23T21:16:58.774909,15,5,33.33333333333333,ATTACK,2026-02-23 21:16:58
254,2026-02-23T21:17:08.766002,15,5,33.33333333333333,ATTACK,2026-02-23 21:17:08
255,2026-02-23T21:17:18.771715,15,5,33.33333333333333,ATTACK,2026-02-23 21:17:18
256,2026-02-23T21:18:21.122077,15,5,33.33333333333333,ATTACK,2026-02-23 21:18:21
257,2026-02-23T21:23:32.534362,15,0,0.0,NORMAL,2026-02-23 21:23:32
258,2026-02-23T21:23:34.532216,15,0,0.0,NORMAL,2026-02-23 21:23:34
259,2026-02-23T21:23:36.593349,15,5,33.33333333333333,ATTACK,2026-02-23 21:23:36
260,2026-02-23T21:23:38.608104,15,5,33.33333333333333,ATTACK,2026-02-23 21:23:38
261,2026-02-23T21:23:40.601199,15,5,33.33333333333333,ATTACK,2026-02-23 21:23:40
262,2026-02-23T21:23:42.612789,15,5,33.33333333333333,ATTACK,2026-02-23 21:23:42
263,2026-02-23T21:24:03.453436,15,5,33.33333333333333,ATTACK,2026-02-23 21:24:03
264,2026-02-23T21:24:05.436783,15,5,33.33333333333333,ATTACK,2026-02-23 21:24:05
265,2026-02-23T21:24:07.430060,15,5,33.33333333333333,ATTACK,2026-02-23 21:24:07
266,2026-02-23T21:25:10.629513,15,5,33.33333333333333,ATTACK,2026-02-23 21:25:10
267,2026-02-23T21:25:12.623107,15,5,33.33333333333333,ATTACK,2026-02-23 21:25:12
268,2026-02-23T21:25:14.611065,15,5,33.33333333333333,ATTACK,2026-02-23 21:25:14
269,2026-02-23T21:27:05.018960,15,5,33.33333333333333,ATTACK,2026-02-23 21:27:05
270,2026-02-23T21:27:07.066394,15,5,33.33333333333333,ATTACK,2026-02-23 21:27:07
271,2026-02-23T21:27:09.016985,15,5,33.33333333333333,ATTACK,2026-02-23 21:27:09
272,2026-02-23T21:27:11.017160,15,5,33.33333333333333,ATTACK,2026-02-23 21:27:11
273,2026-02-23T21:27:13.016029,15,5,33.33333333333333,ATTACK,2026-02-23 21:27:13
274,2026-02-23T21:27:15.023978,15,5,33.33333333333333,ATTACK,2026-02-23 21:27:15
275,2026-02-23T21:27:17.014742,15,5,33.33333333333333,ATTACK,2026-02-23 21:27:17
276,2026-02-23T21:27:19.010192,15,5,33.33333333333333,ATTACK,2026-02-23 21:27:19
277,2026-02-23T21:27:21.014917,15,5,33.33333333333333,NORMAL,2026-02-23 21:27:21
278,2026-02-23T21:27:22.956394,15,0,0.0,NORMAL,2026-02-23 21:27:22
279,2026-02-23T21:27:24.965037,15,0,0.0,NORMAL,2026-02-23 21:27:24
280,2026-02-23T21:27:26.963806,15,0,0.0,NORMAL,2026-02-23 21:27:26
281,2026-02-23T21:27:28.963631,15,0,0.0,NORMAL,2026-02-23 21:27:28
282,2026-02-23T21:27:30.962822,15,0,0.0,NORMAL,2026-02-23 21:27:30
283,2026-02-23T21:27:32.963055,15,0,0.0,NORMAL,2026-02-23 21:27:32
284,2026-02-23T21:27:34.964760,15,0,0.0,NORMAL,2026-02-23 21:27:34
285,2026-02-23T21:27:36.966308,15,0,0.0,NORMAL,2026-02-23 21:27:36
286,2026-02-23T21:27:38.969097,15,0,0.0,NORMAL,2026-02-23 21:27:38
287,2026-02-23T21:27:40.970407,15,0,0.0,NORMAL,2026-02-23 21:27:40
288,2026-02-23T21:27:42.969582,15,0,0.0,NORMAL,2026-02-23 21:27:42
289,2026-02-23T21:27:45.716210,15,0,0.0,NORMAL,2026-02-23 21:27:45
290,2026-02-23T21:27:55.734475,15,0,0.0,NORMAL,2026-02-23 21:27:55
291,2026-02-23T21:28:04.760369,15,0,0.0,NORMAL,2026-02-23 21:28:04
292,2026-02-23T21:28:07.729129,15,0,0.0,NORMAL,2026-02-23 21:28:07
293,2026-02-23T21:28:15.168104,15,0,0.0,NORMAL,2026-02-23 21:28:15
294,2026-02-23T21:28:17.164313,15,0,0.0,NORMAL,2026-02-23 21:28:17
295,2026-02-23T21:28:19.162983,15,0,0.0,NORMAL,2026-02-23 21:28:19
296,2026-02-23T21:28:21.172061,15,0,0.0,NORMAL,2026-02-23 21:28:21
297,2026-02-23T21:28:24.719351,15,0,0.0,NORMAL,2026-02-23 21:28:24
298,2026-02-23T21:28:34.725368,15,0,0.0,NORMAL,2026-02-23 21:28:34
299,2026-02-23T21:28:44.718404,15,0,0.0,NORMAL,2026-02-23 21:28:44
300,2026-02-23T21:28:54.721992,15,0,0.0,NORMAL,2026-02-23 21:28:54
301,2026-02-23T21:29:04.718661,15,0,0.0,NORMAL,2026-02-23 21:29:04
302,2026-02-23T21:29:14.715772,15,0,0.0,NORMAL,2026-02-23 21:29:14
303,2026-02-23T21:31:11.730457,15,0,0.0,NORMAL,2026-02-23 21:31:11
304,2026-02-23T21:33:23.777808,15,0,0.0,NORMAL,2026-02-23 21:33:23
305,2026-02-23T21:33:26.210764,15,0,0.0,NORMAL,2026-02-23 21:33:26
306,2026-02-23T21:33:28.196382,15,0,0.0,NORMAL,2026-02-23 21:33:28
307,2026-02-23T21:33:30.262896,15,5,33.33333333333333,ATTACK,2026-02-23 21:33:30
308,2026-02-23T21:33:32.253697,15,5,33.33333333333333,ATTACK,2026-02-23 21:33:32
309,2026-02-23T21:33:34.255706,15,5,33.33333333333333,ATTACK,2026-02-23 21:33:34
310,2026-02-23T21:33:36.252734,15,5,33.33333333333333,ATTACK,2026-02-23 21:33:36
311,2026-02-23T21:33:38.251608,15,5,33.33333333333333,ATTACK,2026-02-23 21:33:38
312,2026-02-23T21:33:40.251894,15,5,33.33333333333333,ATTACK,2026-02-23 21:33:40
313,2026-02-23T21:33:42.251103,15,5,33.33333333333333,ATTACK,2026-02-23 21:33:42
314,2026-02-23T21:33:44.250300,15,5,33.33333333333333,ATTACK,2026-02-23 21:33:44
315,2026-02-23T21:33:46.252170,15,5,33.33333333333333,ATTACK,2026-02-23 21:33:46
316,2026-02-23T21:33:48.250154,15,5,33.33333333333333,ATTACK,2026-02-23 21:33:48
317,2026-02-23T21:33:50.250228,15,5,33.33333333333333,ATTACK,2026-02-23 21:33:50
318,2026-02-23T21:33:52.274244,15,5,33.33333333333333,ATTACK,2026-02-23 21:33:52
319,2026-02-23T21:33:54.248989,15,5,33.33333333333333,ATTACK,2026-02-23 21:33:54
320,2026-02-23T21:33:56.257122,15,5,33.33333333333333,ATTACK,2026-02-23 21:33:56
321,2026-02-23T21:34:01.799026,15,5,33.33333333333333,ATTACK,2026-02-23 21:34:01
322,2026-02-23T21:34:11.808950,15,5,33.33333333333333,ATTACK,2026-02-23 21:34:11
323,2026-02-23T21:34:21.819904,15,5,33.33333333333333,ATTACK,2026-02-23 21:34:21
324,2026-02-23T21:34:31.776359,15,5,33.33333333333333,ATTACK,2026-02-23 21:34:31
325,2026-02-23T21:34:41.788723,15,5,33.33333333333333,ATTACK,2026-02-23 21:34:41
326,2026-02-23T21:34:51.780407,15,5,33.33333333333333,ATTACK,2026-02-23 21:34:51
327,2026-02-23T21:34:53.857392,15,5,33.33333333333333,ATTACK,2026-02-23 21:34:53
328,2026-02-23T21:34:55.851779,15,5,33.33333333333333,ATTACK,2026-02-23 21:34:55
329,2026-02-23T21:34:57.864468,15,5,33.33333333333333,ATTACK,2026-02-23 21:34:57
330,2026-02-23T21:34:59.855371,15,5,33.33333333333333,ATTACK,2026-02-23 21:34:59
331,2026-02-23T21:35:01.847746,15,5,33.33333333333333,ATTACK,2026-02-23 21:35:01
332,2026-02-23T21:35:03.855486,15,5,33.33333333333333,ATTACK,2026-02-23 21:35:03
333,2026-02-23T21:35:05.864021,15,5,33.33333333333333,ATTACK,2026-02-23 21:35:05
334,2026-02-23T21:35:09.240472,109,37,33.94495412844037,ATTACK,2026-02-23 21:35:09
335,2026-02-23T21:35:12.878624,98,33,33.6734693877551,ATTACK,2026-02-23 21:35:12
336,2026-02-23T21:35:17.104710,102,34,33.33333333333333,ATTACK,2026-02-23 21:35:17
337,2026-02-23T21:35:32.925501,500,167,33.4,ATTACK,2026-02-23 21:35:32
338,2026-02-23T21:35:52.059337,500,167,33.4,ATTACK,2026-02-23 21:35:52
339,2026-02-23T21:36:11.170040,500,167,33.4,ATTACK,2026-02-23 21:36:11
340,2026-02-23T21:36:31.250290,500,167,33.4,ATTACK,2026-02-23 21:36:31
341,2026-02-23T21:36:50.581428,500,167,33.4,ATTACK,2026-02-23 21:36:50
342,2026-02-23T21:37:09.978842,500,167,33.4,ATTACK,2026-02-23 21:37:09
343,2026-02-23T21:37:22.860971,58,20,34.48275862068966,ATTACK,2026-02-23 21:37:22
344,2026-02-23T21:37:25.751111,58,20,34.48275862068966,ATTACK,2026-02-23 21:37:25
345,2026-02-23T21:37:28.110179,58,20,34.48275862068966,ATTACK,2026-02-23 21:37:28
346,2026-02-23T21:37:30.804348,58,20,34.48275862068966,ATTACK,2026-02-23 21:37:30
347,2026-02-23T21:37:32.949985,58,20,34.48275862068966,ATTACK,2026-02-23 21:37:32
348,2026-02-23T21:37:35.141655,58,20,34.48275862068966,ATTACK,2026-02-23 21:37:35
349,2026-02-23T21:37:37.467294,58,20,34.48275862068966,ATTACK,2026-02-23 21:37:37
350,2026-02-23T21:37:39.658482,58,20,34.48275862068966,ATTACK,2026-02-23 21:37:39
351,2026-02-23T21:37:42.065717,58,20,34.48275862068966,ATTACK,2026-02-23 21:37:42
352,2026-02-23T21:37:54.756215,500,167,33.4,ATTACK,2026-02-23 21:37:54
353,2026-02-23T21:38:13.869037,500,167,33.4,ATTACK,2026-02-23 21:38:13
354,2026-02-23T21:38:33.835386,500,167,33.4,ATTACK,2026-02-23 21:38:33
355,2026-02-23T21:38:52.320457,500,167,33.4,ATTACK,2026-02-23 21:38:52
356,2026-02-23T21:39:10.448862,500,167,33.4,ATTACK,2026-02-23 21:39:10
357,2026-02-23T21:39:29.501696,500,167,33.4,ATTACK,2026-02-23 21:39:29
358,2026-02-23T21:39:49.130142,500,167,33.4,ATTACK,2026-02-23 21:39:49
359,2026-02-23T21:39:59.138827,500,0,0.0,NORMAL,2026-02-23 21:39:59
360,2026-02-23T21:39:59.516264,500,0,0.0,NORMAL,2026-02-23 21:39:59
361,2026-02-23T21:39:59.879470,500,0,0.0,NORMAL,2026-02-23 21:39:59
362,2026-02-23T21:40:00.328205,500,0,0.0,NORMAL,2026-02-23 21:40:00
363,2026-02-23T21:40:00.820736,500,0,0.0,NORMAL,2026-02-23 21:40:00
364,2026-02-23T21:40:01.176789,500,0,0.0,NORMAL,2026-02-23 21:40:01
365,2026-02-23T21:40:01.478532,500,0,0.0,NORMAL,2026-02-23 21:40:01
366,2026-02-23T21:40:01.787587,500,0,0.0,NORMAL,2026-02-23 21:40:01
367,2026-02-23T21:40:02.155857,500,0,0.0,NORMAL,2026-02-23 21:40:02
368,2026-02-23T21:40:06.259459,500,0,0.0,NORMAL,2026-02-23 21:40:06
369,2026-02-23T21:40:11.237763,500,0,0.0,NORMAL,2026-02-23 21:40:11
370,2026-02-23T21:40:17.744434,500,0,0.0,NORMAL,2026-02-23 21:40:17
371,2026-02-23T21:40:27.757304,500,0,0.0,NORMAL,2026-02-23 21:40:27
372,2026-02-23T21:40:37.741867,500,0,0.0,NORMAL,2026-02-23 21:40:37
373,2026-02-23T21:40:47.743513,500,0,0.0,NORMAL,2026-02-23 21:40:47
374,2026-02-23T21:40:57.728813,500,0,0.0,NORMAL,2026-02-23 21:40:57
375,2026-02-23T21:41:07.746907,500,0,0.0,NORMAL,2026-02-23 21:41:07
376,2026-02-23T21:43:04.169822,15,0,0.0,NORMAL,2026-02-23 21:43:04
377,2026-02-23T21:43:06.678908,15,0,0.0,NORMAL,2026-02-23 21:43:06
378,2026-02-23T21:43:08.722791,15,0,0.0,NORMAL,2026-02-23 21:43:08
379,2026-02-23T21:43:10.800678,15,5,33.33333333333333,ATTACK,2026-02-23 21:43:10
380,2026-02-23T21:43:12.762634,15,5,33.33333333333333,ATTACK,2026-02-23 21:43:12
381,2026-02-23T21:43:14.734931,15,5,33.33333333333333,ATTACK,2026-02-23 21:43:14
382,2026-02-23T21:43:16.734688,15,5,33.33333333333333,ATTACK,2026-02-23 21:43:16
383,2026-02-23T21:43:18.833189,15,5,33.33333333333333,ATTACK,2026-02-23 21:43:18
384,2026-02-23T21:43:20.731039,15,5,33.33333333333333,ATTACK,2026-02-23 21:43:20
385,2026-02-23T21:43:22.732489,15,5,33.33333333333333,ATTACK,2026-02-23 21:43:22
386,2026-02-23T21:43:24.957545,61,21,34.42622950819672,ATTACK,2026-02-23 21:43:24
387,2026-02-23T21:43:27.390402,61,21,34.42622950819672,ATTACK,2026-02-23 21:43:27
388,2026-02-23T21:43:30.390771,119,40,33.61344537815126,ATTACK,2026-02-23 21:43:30
389,2026-02-23T21:43:35.522468,184,62,33.69565217391305,ATTACK,2026-02-23 21:43:35
390,2026-02-23T21:43:43.113546,184,62,33.69565217391305,ATTACK,2026-02-23 21:43:43
391,2026-02-23T21:43:52.620773,264,88,33.33333333333333,ATTACK,2026-02-23 21:43:52
392,2026-02-23T21:44:03.310315,343,115,33.52769679300292,ATTACK,2026-02-23 21:44:03
393,2026-02-23T21:44:16.099607,343,115,33.52769679300292,ATTACK,2026-02-23 21:44:16
394,2026-02-23T21:44:29.074801,343,115,33.52769679300292,ATTACK,2026-02-23 21:44:29
395,2026-02-23T21:44:41.486977,343,115,33.52769679300292,ATTACK,2026-02-23 21:44:41
396,2026-02-23T21:44:54.355584,343,115,33.52769679300292,ATTACK,2026-02-23 21:44:54
397,2026-02-23T21:45:10.601251,500,167,33.4,ATTACK,2026-02-23 21:45:10
398,2026-02-23T21:45:30.231477,500,167,33.4,ATTACK,2026-02-23 21:45:30
399,2026-02-23T21:45:49.402608,500,167,33.4,ATTACK,2026-02-23 21:45:49
400,2026-02-23T21:46:09.383257,500,167,33.4,ATTACK,2026-02-23 21:46:09
401,2026-02-23T21:46:28.552814,500,167,33.4,ATTACK,2026-02-23 21:46:28
402,2026-02-23T21:46:48.126821,500,167,33.4,ATTACK,2026-02-23 21:46:48
403,2026-02-23T21:47:07.231710,500,167,33.4,ATTACK,2026-02-23 21:47:07
404,2026-02-23T21:47:26.046920,500,136,27.200000000000003,NORMAL,2026-02-23 21:47:26
405,2026-02-23T21:47:30.908062,500,0,0.0,NORMAL,2026-02-23 21:47:30
406,2026-02-23T21:47:31.289109,500,0,0.0,NORMAL,2026-02-23 21:47:31
407,2026-02-23T21:47:31.630539,500,0,0.0,NORMAL,2026-02-23 21:47:31
408,2026-02-23T21:47:31.971627,500,0,0.0,NORMAL,2026-02-23 21:47:31
409,2026-02-23T21:47:32.325076,500,0,0.0,NORMAL,2026-02-23 21:47:32
410,2026-02-23T21:47:32.653035,500,0,0.0,NORMAL,2026-02-23 21:47:32
411,2026-02-23T21:47:32.955822,500,0,0.0,NORMAL,2026-02-23 21:47:32
412,2026-02-23T21:47:35.167706,500,0,0.0,NORMAL,2026-02-23 21:47:35
413,2026-02-23T21:47:44.006085,500,0,0.0,NORMAL,2026-02-23 21:47:44
414,2026-02-23T21:47:53.739273,500,0,0.0,NORMAL,2026-02-23 21:47:53
415,2026-02-23T21:48:03.742436,500,0,0.0,NORMAL,2026-02-23 21:48:03
416,2026-02-23T21:48:13.739755,500,0,0.0,NORMAL,2026-02-23 21:48:13
417,2026-02-23T21:48:31.714712,15,0,0.0,NORMAL,2026-02-23 21:48:31
418,2026-02-23T21:49:22.924178,15,0,0.0,NORMAL,2026-02-23 21:49:22
419,2026-02-23T21:49:25.120278,15,0,0.0,NORMAL,2026-02-23 21:49:25
420,2026-02-23T21:49:27.114202,15,0,0.0,NORMAL,2026-02-23 21:49:27
421,2026-02-23T21:49:29.107910,15,0,0.0,NORMAL,2026-02-23 21:49:29
422,2026-02-23T21:49:31.112223,15,0,0.0,NORMAL,2026-02-23 21:49:31
423,2026-02-23T21:49:33.114645,15,0,0.0,NORMAL,2026-02-23 21:49:33
424,2026-02-23T21:49:35.171091,15,5,33.33333333333333,ATTACK,2026-02-23 21:49:35
425,2026-02-23T21:49:37.171226,15,5,33.33333333333333,ATTACK,2026-02-23 21:49:37
426,2026-02-23T21:49:39.168636,15,5,33.33333333333333,ATTACK,2026-02-23 21:49:39
427,2026-02-23T21:49:41.385775,72,24,33.33333333333333,ATTACK,2026-02-23 21:49:41
428,2026-02-23T21:49:44.143500,72,24,33.33333333333333,ATTACK,2026-02-23 21:49:44
429,2026-02-23T21:49:46.801503,72,24,33.33333333333333,ATTACK,2026-02-23 21:49:46
430,2026-02-23T21:49:52.701236,184,62,33.69565217391305,ATTACK,2026-02-23 21:49:52
431,2026-02-23T21:50:00.157767,184,62,33.69565217391305,ATTACK,2026-02-23 21:50:00
432,2026-02-23T21:50:12.905908,333,111,33.33333333333333,ATTACK,2026-02-23 21:50:12
433,2026-02-23T21:50:24.879219,333,111,33.33333333333333,ATTACK,2026-02-23 21:50:24
434,2026-02-23T21:50:37.843443,333,111,33.33333333333333,ATTACK,2026-02-23 21:50:37
435,2026-02-23T21:50:51.059098,333,111,33.33333333333333,ATTACK,2026-02-23 21:50:51
436,2026-02-23T21:51:02.956265,333,111,33.33333333333333,ATTACK,2026-02-23 21:51:02
437,2026-02-23T21:51:15.872156,333,111,33.33333333333333,ATTACK,2026-02-23 21:51:15
438,2026-02-23T21:51:28.317183,333,111,33.33333333333333,ATTACK,2026-02-23 21:51:28
439,2026-02-23T21:51:41.252216,333,111,33.33333333333333,ATTACK,2026-02-23 21:51:41
440,2026-02-23T21:51:54.221584,333,111,33.33333333333333,ATTACK,2026-02-23 21:51:54
441,2026-02-23T21:52:06.533747,333,111,33.33333333333333,ATTACK,2026-02-23 21:52:06
442,2026-02-23T21:52:19.013248,333,111,33.33333333333333,ATTACK,2026-02-23 21:52:19
443,2026-02-23T21:52:31.250397,333,111,33.33333333333333,ATTACK,2026-02-23 21:52:31
444,2026-02-23T21:52:43.296293,333,111,33.33333333333333,ATTACK,2026-02-23 21:52:43
445,2026-02-23T21:52:57.207129,333,111,33.33333333333333,ATTACK,2026-02-23 21:52:57
446,2026-02-23T21:53:12.253078,333,111,33.33333333333333,ATTACK,2026-02-23 21:53:12
447,2026-02-23T21:53:27.369950,333,111,33.33333333333333,ATTACK,2026-02-23 21:53:27
448,2026-02-23T21:53:40.970960,333,111,33.33333333333333,ATTACK,2026-02-23 21:53:40
449,2026-02-23T21:53:54.956516,333,111,33.33333333333333,ATTACK,2026-02-23 21:53:54
450,2026-02-23T21:54:10.850019,500,167,33.4,ATTACK,2026-02-23 21:54:10
451,2026-02-23T21:54:24.984263,43,15,34.883720930232556,ATTACK,2026-02-23 21:54:24
452,2026-02-23T21:54:27.272208,43,15,34.883720930232556,ATTACK,2026-02-23 21:54:27
453,2026-02-23T21:54:29.909801,43,15,34.883720930232556,ATTACK,2026-02-23 21:54:29
454,2026-02-23T21:54:33.567137,43,15,34.883720930232556,ATTACK,2026-02-23 21:54:33
455,2026-02-23T21:54:35.908778,43,15,34.883720930232556,ATTACK,2026-02-23 21:54:35
456,2026-02-23T21:54:38.201528,43,15,34.883720930232556,ATTACK,2026-02-23 21:54:38
457,2026-02-23T21:54:40.359732,43,15,34.883720930232556,ATTACK,2026-02-23 21:54:40
458,2026-02-23T21:54:42.066012,43,15,34.883720930232556,ATTACK,2026-02-23 21:54:42
459,2026-02-23T21:54:43.885119,43,15,34.883720930232556,ATTACK,2026-02-23 21:54:43
460,2026-02-23T21:54:45.590437,43,15,34.883720930232556,ATTACK,2026-02-23 21:54:45
461,2026-02-23T21:54:47.293743,43,15,34.883720930232556,ATTACK,2026-02-23 21:54:47
462,2026-02-23T21:54:49.299011,43,15,34.883720930232556,ATTACK,2026-02-23 21:54:49
463,2026-02-23T21:54:51.023483,43,15,34.883720930232556,ATTACK,2026-02-23 21:54:51
464,2026-02-23T21:54:52.807070,43,15,34.883720930232556,ATTACK,2026-02-23 21:54:52
465,2026-02-23T21:54:54.532287,43,15,34.883720930232556,ATTACK,2026-02-23 21:54:54
466,2026-02-23T21:54:56.515147,43,15,34.883720930232556,ATTACK,2026-02-23 21:54:56
467,2026-02-23T21:54:58.308274,43,15,34.883720930232556,ATTACK,2026-02-23 21:54:58
468,2026-02-23T21:55:06.638408,500,26,5.2,NORMAL,2026-02-23 21:55:06
469,2026-02-23T21:55:07.090339,500,0,0.0,NORMAL,2026-02-23 21:55:07
470,2026-02-23T21:55:07.435846,500,0,0.0,NORMAL,2026-02-23 21:55:07
471,2026-02-23T21:55:07.804916,500,0,0.0,NORMAL,2026-02-23 21:55:07
472,2026-02-23T21:55:08.278872,500,0,0.0,NORMAL,2026-02-23 21:55:08
473,2026-02-23T21:55:08.627443,500,0,0.0,NORMAL,2026-02-23 21:55:08
474,2026-02-23T21:55:08.984809,500,0,0.0,NORMAL,2026-02-23 21:55:08
475,2026-02-23T21:55:09.297117,500,0,0.0,NORMAL,2026-02-23 21:55:09
476,2026-02-23T21:55:09.594674,500,0,0.0,NORMAL,2026-02-23 21:55:09
477,2026-02-23T21:55:09.907783,500,0,0.0,NORMAL,2026-02-23 21:55:09
478,2026-02-23T21:55:11.549105,500,0,0.0,NORMAL,2026-02-23 21:55:11
479,2026-02-23T21:55:17.319181,500,0,0.0,NORMAL,2026-02-23 21:55:17
480,2026-02-23T21:55:20.728282,500,0,0.0,NORMAL,2026-02-23 21:55:20
481,2026-02-23T21:55:23.751437,500,0,0.0,NORMAL,2026-02-23 21:55:23
482,2026-02-23T21:55:41.907609,500,167,33.4,ATTACK,2026-02-23 21:55:41
483,2026-02-23T21:56:04.595731,500,167,33.4,ATTACK,2026-02-23 21:56:04
484,2026-02-23T21:56:25.175788,500,167,33.4,ATTACK,2026-02-23 21:56:25
485,2026-02-23T21:56:42.879822,500,167,33.4,ATTACK,2026-02-23 21:56:42
486,2026-02-23T21:59:18.483996,500,148,29.599999999999998,NORMAL,2026-02-23 21:59:18
487,2026-02-24T06:23:06.725008,15,0,0.0,NORMAL,2026-02-24 06:23:06
488,2026-02-24T06:23:09.729375,15,0,0.0,NORMAL,2026-02-24 06:23:09
489,2026-02-24T06:23:11.507384,15,0,0.0,NORMAL,2026-02-24 06:23:11
490,2026-02-24T06:23:13.123881,15,0,0.0,NORMAL,2026-02-24 06:23:13
491,2026-02-24T06:23:15.123729,15,0,0.0,NORMAL,2026-02-24 06:23:15
492,2026-02-24T06:23:17.138200,15,0,0.0,NORMAL,2026-02-24 06:23:17
493,2026-02-24T06:23:19.138239,15,0,0.0,NORMAL,2026-02-24 06:23:19
494,2026-02-24T06:23:21.130852,15,0,0.0,NORMAL,2026-02-24 06:23:21
495,2026-02-24T06:23:23.138990,15,0,0.0,NORMAL,2026-02-24 06:23:23
496,2026-02-24T06:23:25.137345,15,0,0.0,NORMAL,2026-02-24 06:23:25
497,2026-02-24T06:23:27.136772,15,0,0.0,NORMAL,2026-02-24 06:23:27
498,2026-02-24T06:23:29.132246,15,0,0.0,NORMAL,2026-02-24 06:23:29
499,2026-02-24T06:23:37.723139,15,0,0.0,NORMAL,2026-02-24 06:23:37
500,2026-02-24T06:23:47.727606,15,0,0.0,NORMAL,2026-02-24 06:23:47
501,2026-02-24T06:23:57.720046,15,0,0.0,NORMAL,2026-02-24 06:23:57
502,2026-02-24T06:24:07.722925,15,0,0.0,NORMAL,2026-02-24 06:24:07
503,2026-02-24T06:24:17.712420,15,0,0.0,NORMAL,2026-02-24 06:24:17
504,2026-02-24T06:24:27.723002,15,0,0.0,NORMAL,2026-02-24 06:24:27
505,2026-02-24T06:24:52.934340,15,0,0.0,NORMAL,2026-02-24 06:24:52
506,2026-02-24T06:24:54.925458,15,0,0.0,NORMAL,2026-02-24 06:24:54
507,2026-02-24T06:24:56.991848,15,5,33.33333333333333,ATTACK,2026-02-24 06:24:56
508,2026-02-24T06:24:58.991236,15,5,33.33333333333333,ATTACK,2026-02-24 06:24:58
509,2026-02-24T06:25:01.002127,15,5,33.33333333333333,ATTACK,2026-02-24 06:25:01
510,2026-02-24T06:25:03.477456,15,5,33.33333333333333,ATTACK,2026-02-24 06:25:03
511,2026-02-24T06:25:04.973369,15,5,33.33333333333333,ATTACK,2026-02-24 06:25:04
512,2026-02-24T06:25:07.023407,15,5,33.33333333333333,ATTACK,2026-02-24 06:25:07
513,2026-02-24T06:25:08.988830,15,5,33.33333333333333,ATTACK,2026-02-24 06:25:08
514,2026-02-24T06:25:10.979593,15,5,33.33333333333333,ATTACK,2026-02-24 06:25:10
515,2026-02-24T06:25:13.014591,15,5,33.33333333333333,ATTACK,2026-02-24 06:25:13
516,2026-02-24T06:25:15.304877,68,23,33.82352941176471,ATTACK,2026-02-24 06:25:15
517,2026-02-24T06:25:18.169928,66,22,33.33333333333333,ATTACK,2026-02-24 06:25:18
518,2026-02-24T06:25:20.454094,66,22,33.33333333333333,ATTACK,2026-02-24 06:25:20
519,2026-02-24T06:25:22.887310,66,22,33.33333333333333,ATTACK,2026-02-24 06:25:22
520,2026-02-24T06:25:25.708258,66,22,33.33333333333333,ATTACK,2026-02-24 06:25:25
521,2026-02-24T06:25:29.287329,66,22,33.33333333333333,ATTACK,2026-02-24 06:25:29
522,2026-02-24T06:25:31.994527,66,22,33.33333333333333,ATTACK,2026-02-24 06:25:31
523,2026-02-24T06:25:34.494449,66,22,33.33333333333333,ATTACK,2026-02-24 06:25:34
524,2026-02-24T06:25:37.287460,66,22,33.33333333333333,ATTACK,2026-02-24 06:25:37
525,2026-02-24T06:25:40.142532,66,22,33.33333333333333,ATTACK,2026-02-24 06:25:40
526,2026-02-24T06:25:42.048390,66,0,0.0,NORMAL,2026-02-24 06:25:42
527,2026-02-24T06:25:42.115532,66,0,0.0,NORMAL,2026-02-24 06:25:42
528,2026-02-24T06:25:42.183536,66,0,0.0,NORMAL,2026-02-24 06:25:42
529,2026-02-24T06:25:42.260485,66,0,0.0,NORMAL,2026-02-24 06:25:42
530,2026-02-24T06:25:42.928568,66,0,0.0,NORMAL,2026-02-24 06:25:42
531,2026-02-24T06:25:48.725918,66,0,0.0,NORMAL,2026-02-24 06:25:48
532,2026-02-24T06:25:58.729415,66,0,0.0,NORMAL,2026-02-24 06:25:58
533,2026-02-24T06:26:08.723593,66,0,0.0,NORMAL,2026-02-24 06:26:08
534,2026-02-24T06:26:18.720716,66,0,0.0,NORMAL,2026-02-24 06:26:18
535,2026-02-24T06:26:27.726129,66,0,0.0,NORMAL,2026-02-24 06:26:27
536,2026-02-24T06:26:36.726299,66,0,0.0,NORMAL,2026-02-24 06:26:36
537,2026-02-24T06:29:14.027965,66,0,0.0,NORMAL,2026-02-24 06:29:14
538,2026-02-24T06:29:41.163141,66,0,0.0,NORMAL,2026-02-24 06:29:41
539,2026-02-24T06:29:42.995665,66,0,0.0,NORMAL,2026-02-24 06:29:42
540,2026-02-24T06:29:45.340767,66,22,33.33333333333333,ATTACK,2026-02-24 06:29:45
541,2026-02-24T06:29:47.886827,66,22,33.33333333333333,ATTACK,2026-02-24 06:29:47
542,2026-02-24T06:29:50.633790,66,22,33.33333333333333,ATTACK,2026-02-24 06:29:50
543,2026-02-24T06:29:54.513428,66,22,33.33333333333333,ATTACK,2026-02-24 06:29:54
544,2026-02-24T06:29:58.054240,66,22,33.33333333333333,ATTACK,2026-02-24 06:29:58
545,2026-02-24T06:30:00.893777,66,22,33.33333333333333,ATTACK,2026-02-24 06:30:00
546,2026-02-24T06:30:03.541662,66,22,33.33333333333333,ATTACK,2026-02-24 06:30:03
547,2026-02-24T06:30:06.396734,66,22,33.33333333333333,ATTACK,2026-02-24 06:30:06
548,2026-02-24T06:30:15.835822,301,101,33.5548172757475,ATTACK,2026-02-24 06:30:15
549,2026-02-24T06:30:28.526049,301,101,33.5548172757475,ATTACK,2026-02-24 06:30:28
550,2026-02-24T06:30:40.377496,301,101,33.5548172757475,ATTACK,2026-02-24 06:30:40
551,2026-02-24T06:30:55.316912,301,101,33.5548172757475,ATTACK,2026-02-24 06:30:55
552,2026-02-24T06:31:10.652508,301,101,33.5548172757475,ATTACK,2026-02-24 06:31:10
553,2026-02-24T06:31:32.149139,301,101,33.5548172757475,ATTACK,2026-02-24 06:31:32
554,2026-02-24T06:31:45.100549,301,101,33.5548172757475,ATTACK,2026-02-24 06:31:45
555,2026-02-24T06:31:58.437147,301,101,33.5548172757475,ATTACK,2026-02-24 06:31:58
556,2026-02-24T06:32:11.076636,301,101,33.5548172757475,ATTACK,2026-02-24 06:32:11
557,2026-02-24T06:32:22.574935,301,101,33.5548172757475,ATTACK,2026-02-24 06:32:22
558,2026-02-24T06:32:34.965399,301,101,33.5548172757475,ATTACK,2026-02-24 06:32:34
559,2026-02-24T06:32:47.600612,301,101,33.5548172757475,ATTACK,2026-02-24 06:32:47
560,2026-02-24T06:32:59.552697,301,101,33.5548172757475,ATTACK,2026-02-24 06:32:59
561,2026-02-24T06:33:12.084766,301,101,33.5548172757475,ATTACK,2026-02-24 06:33:12
562,2026-02-24T06:33:23.848930,301,101,33.5548172757475,ATTACK,2026-02-24 06:33:23
563,2026-02-24T06:33:34.964090,301,101,33.5548172757475,ATTACK,2026-02-24 06:33:34
564,2026-02-24T06:33:47.212163,301,101,33.5548172757475,ATTACK,2026-02-24 06:33:47
565,2026-02-24T06:33:58.960606,301,101,33.5548172757475,ATTACK,2026-02-24 06:33:58
566,2026-02-24T06:34:10.392562,301,101,33.5548172757475,ATTACK,2026-02-24 06:34:10
567,2026-02-24T06:34:22.482737,301,101,33.5548172757475,ATTACK,2026-02-24 06:34:22
568,2026-02-24T06:34:33.709721,301,101,33.5548172757475,ATTACK,2026-02-24 06:34:33
569,2026-02-24T06:34:44.112139,301,101,33.5548172757475,ATTACK,2026-02-24 06:34:44
570,2026-02-24T06:34:55.260534,301,101,33.5548172757475,ATTACK,2026-02-24 06:34:55
571,2026-02-24T06:35:06.496688,301,101,33.5548172757475,ATTACK,2026-02-24 06:35:06
572,2026-02-24T06:35:17.448946,301,101,33.5548172757475,ATTACK,2026-02-24 06:35:17
573,2026-02-24T06:35:28.548483,301,101,33.5548172757475,ATTACK,2026-02-24 06:35:28
574,2026-02-24T06:35:39.722942,301,101,33.5548172757475,ATTACK,2026-02-24 06:35:39
575,2026-02-24T06:35:50.333790,301,101,33.5548172757475,ATTACK,2026-02-24 06:35:50
576,2026-02-24T06:36:01.621879,301,101,33.5548172757475,ATTACK,2026-02-24 06:36:01
577,2026-02-24T06:36:12.769112,301,101,33.5548172757475,ATTACK,2026-02-24 06:36:12
578,2026-02-24T06:36:23.828077,301,101,33.5548172757475,ATTACK,2026-02-24 06:36:23
579,2026-02-24T06:36:35.676918,301,101,33.5548172757475,ATTACK,2026-02-24 06:36:35
580,2026-02-24T06:36:47.464146,301,101,33.5548172757475,ATTACK,2026-02-24 06:36:47
581,2026-02-24T06:36:59.625991,301,101,33.5548172757475,ATTACK,2026-02-24 06:36:59
582,2026-02-24T06:37:11.440878,301,101,33.5548172757475,ATTACK,2026-02-24 06:37:11
583,2026-02-24T06:37:24.090698,301,101,33.5548172757475,ATTACK,2026-02-24 06:37:24
584,2026-02-24T06:37:36.206046,301,101,33.5548172757475,ATTACK,2026-02-24 06:37:36
585,2026-02-24T06:37:48.767514,301,101,33.5548172757475,ATTACK,2026-02-24 06:37:48
586,2026-02-24T06:38:02.075705,301,101,33.5548172757475,ATTACK,2026-02-24 06:38:02
587,2026-02-24T06:38:15.581928,301,101,33.5548172757475,ATTACK,2026-02-24 06:38:15
588,2026-02-24T06:38:28.673894,301,101,33.5548172757475,ATTACK,2026-02-24 06:38:28
589,2026-02-24T06:38:40.619502,301,101,33.5548172757475,ATTACK,2026-02-24 06:38:40
590,2026-02-24T06:38:51.705180,301,101,33.5548172757475,ATTACK,2026-02-24 06:38:51
591,2026-02-24T06:39:03.693491,301,101,33.5548172757475,ATTACK,2026-02-24 06:39:03
592,2026-02-24T06:39:16.148515,301,101,33.5548172757475,ATTACK,2026-02-24 06:39:16
593,2026-02-24T06:39:29.128981,301,101,33.5548172757475,ATTACK,2026-02-24 06:39:29
594,2026-02-24T06:39:35.345838,114,38,33.33333333333333,ATTACK,2026-02-24 06:39:35
595,2026-02-24T06:39:40.094490,114,38,33.33333333333333,ATTACK,2026-02-24 06:39:40
596,2026-02-24T06:39:46.619751,114,38,33.33333333333333,ATTACK,2026-02-24 06:39:46
597,2026-02-24T06:39:51.160145,114,38,33.33333333333333,ATTACK,2026-02-24 06:39:51
598,2026-02-24T06:39:55.255389,114,38,33.33333333333333,ATTACK,2026-02-24 06:39:55
599,2026-02-24T06:39:59.875358,114,38,33.33333333333333,ATTACK,2026-02-24 06:39:59
600,2026-02-24T06:40:05.311976,114,38,33.33333333333333,ATTACK,2026-02-24 06:40:05
601,2026-02-24T06:40:09.931902,114,38,33.33333333333333,ATTACK,2026-02-24 06:40:09
602,2026-02-24T06:40:14.710386,114,38,33.33333333333333,ATTACK,2026-02-24 06:40:14
603,2026-02-24T06:40:19.788214,114,38,33.33333333333333,ATTACK,2026-02-24 06:40:19
604,2026-02-24T06:40:25.304983,114,38,33.33333333333333,ATTACK,2026-02-24 06:40:25
605,2026-02-24T06:40:30.215437,114,38,33.33333333333333,ATTACK,2026-02-24 06:40:30
606,2026-02-24T06:40:35.061271,114,35,30.701754385964914,NORMAL,2026-02-24 06:40:35
607,2026-02-24T06:40:36.911118,114,0,0.0,NORMAL,2026-02-24 06:40:36
608,2026-02-24T06:40:37.007257,114,0,0.0,NORMAL,2026-02-24 06:40:37
609,2026-02-24T06:40:37.119888,114,0,0.0,NORMAL,2026-02-24 06:40:37
610,2026-02-24T06:40:37.215448,114,0,0.0,NORMAL,2026-02-24 06:40:37
611,2026-02-24T06:40:37.294805,114,0,0.0,NORMAL,2026-02-24 06:40:37
612,2026-02-24T06:40:37.383039,114,0,0.0,NORMAL,2026-02-24 06:40:37
613,2026-02-24T06:40:37.467142,114,0,0.0,NORMAL,2026-02-24 06:40:37
614,2026-02-24T06:40:37.542415,114,0,0.0,NORMAL,2026-02-24 06:40:37
615,2026-02-24T06:40:37.898162,114,0,0.0,NORMAL,2026-02-24 06:40:37
616,2026-02-24T06:40:37.989292,114,0,0.0,NORMAL,2026-02-24 06:40:37
617,2026-02-24T06:40:38.075619,114,0,0.0,NORMAL,2026-02-24 06:40:38
618,2026-02-24T06:40:38.158964,114,0,0.0,NORMAL,2026-02-24 06:40:38
619,2026-02-24T06:40:38.266441,114,0,0.0,NORMAL,2026-02-24 06:40:38
620,2026-02-24T06:40:38.353889,114,0,0.0,NORMAL,2026-02-24 06:40:38
621,2026-02-24T06:40:38.455916,114,0,0.0,NORMAL,2026-02-24 06:40:38
622,2026-02-24T06:40:38.544645,114,0,0.0,NORMAL,2026-02-24 06:40:38
623,2026-02-24T06:40:38.633846,114,0,0.0,NORMAL,2026-02-24 06:40:38
624,2026-02-24T06:40:38.722562,114,0,0.0,NORMAL,2026-02-24 06:40:38
625,2026-02-24T06:40:38.810205,114,0,0.0,NORMAL,2026-02-24 06:40:38
626,2026-02-24T06:40:38.890600,114,0,0.0,NORMAL,2026-02-24 06:40:38
627,2026-02-24T06:40:38.973529,114,0,0.0,NORMAL,2026-02-24 06:40:38
628,2026-02-24T06:40:39.057827,114,0,0.0,NORMAL,2026-02-24 06:40:39
629,2026-02-24T06:40:39.140207,114,0,0.0,NORMAL,2026-02-24 06:40:39
630,2026-02-24T06:40:39.247611,114,0,0.0,NORMAL,2026-02-24 06:40:39
631,2026-02-24T06:40:39.344475,114,0,0.0,NORMAL,2026-02-24 06:40:39
632,2026-02-24T06:40:39.457830,114,0,0.0,NORMAL,2026-02-24 06:40:39
633,2026-02-24T06:40:39.548101,114,0,0.0,NORMAL,2026-02-24 06:40:39
634,2026-02-24T06:40:39.647412,114,0,0.0,NORMAL,2026-02-24 06:40:39
635,2026-02-24T06:40:41.334807,114,0,0.0,NORMAL,2026-02-24 06:40:41
636,2026-02-24T06:40:43.296375,114,0,0.0,NORMAL,2026-02-24 06:40:43
637,2026-02-24T06:40:45.319294,114,0,0.0,NORMAL,2026-02-24 06:40:45
638,2026-02-24T06:40:47.301030,114,0,0.0,NORMAL,2026-02-24 06:40:47
639,2026-02-24T06:40:49.338273,114,0,0.0,NORMAL,2026-02-24 06:40:49
640,2026-02-24T06:40:51.336144,114,0,0.0,NORMAL,2026-02-24 06:40:51
641,2026-02-24T06:40:55.661969,114,38,33.33333333333333,ATTACK,2026-02-24 06:40:55
642,2026-02-24T06:41:00.110003,56,19,33.92857142857143,ATTACK,2026-02-24 06:41:00
643,2026-02-24T06:41:02.585503,56,19,33.92857142857143,ATTACK,2026-02-24 06:41:02
644,2026-02-24T06:41:04.835436,56,19,33.92857142857143,ATTACK,2026-02-24 06:41:04
645,2026-02-24T06:41:07.401977,56,19,33.92857142857143,ATTACK,2026-02-24 06:41:07
646,2026-02-24T06:41:10.483180,56,19,33.92857142857143,ATTACK,2026-02-24 06:41:10
647,2026-02-24T06:41:12.563877,56,19,33.92857142857143,ATTACK,2026-02-24 06:41:12
648,2026-02-24T06:41:15.020341,56,18,32.142857142857146,NORMAL,2026-02-24 06:41:15
649,2026-02-24T06:41:15.959306,56,0,0.0,NORMAL,2026-02-24 06:41:15
650,2026-02-24T06:41:16.046759,56,0,0.0,NORMAL,2026-02-24 06:41:16
651,2026-02-24T06:41:16.114540,56,0,0.0,NORMAL,2026-02-24 06:41:16
652,2026-02-24T06:41:16.180711,56,0,0.0,NORMAL,2026-02-24 06:41:16
653,2026-02-24T06:41:17.506277,56,0,0.0,NORMAL,2026-02-24 06:41:17
654,2026-02-24T06:41:19.498089,56,0,0.0,NORMAL,2026-02-24 06:41:19
655,2026-02-24T06:41:21.512631,56,0,0.0,NORMAL,2026-02-24 06:41:21
656,2026-02-24T06:41:23.495771,56,0,0.0,NORMAL,2026-02-24 06:41:23
657,2026-02-24T06:41:25.506313,56,0,0.0,NORMAL,2026-02-24 06:41:25
658,2026-02-24T06:41:27.519772,56,0,0.0,NORMAL,2026-02-24 06:41:27
659,2026-02-24T06:41:29.511317,56,0,0.0,NORMAL,2026-02-24 06:41:29
660,2026-02-24T06:41:31.503290,56,0,0.0,NORMAL,2026-02-24 06:41:31
661,2026-02-24T06:41:33.509783,56,0,0.0,NORMAL,2026-02-24 06:41:33
662,2026-02-24T06:41:35.923486,56,19,33.92857142857143,ATTACK,2026-02-24 06:41:35
663,2026-02-24T06:41:38.108336,56,19,33.92857142857143,ATTACK,2026-02-24 06:41:38
664,2026-02-24T06:41:40.475049,56,17,30.357142857142854,NORMAL,2026-02-24 06:41:40
665,2026-02-24T06:41:41.511203,56,0,0.0,NORMAL,2026-02-24 06:41:41
666,2026-02-24T06:41:43.507375,56,0,0.0,NORMAL,2026-02-24 06:41:43
667,2026-02-24T06:41:45.503656,56,0,0.0,NORMAL,2026-02-24 06:41:45
668,2026-02-24T06:41:47.494459,56,0,0.0,NORMAL,2026-02-24 06:41:47
669,2026-02-24T06:41:49.495786,56,0,0.0,NORMAL,2026-02-24 06:41:49
670,2026-02-24T06:41:51.507825,56,0,0.0,NORMAL,2026-02-24 06:41:51
671,2026-02-24T06:41:53.506465,56,0,0.0,NORMAL,2026-02-24 06:41:53
672,2026-02-24T06:41:55.496020,56,0,0.0,NORMAL,2026-02-24 06:41:55
673,2026-02-24T06:41:57.509374,56,0,0.0,NORMAL,2026-02-24 06:41:57
674,2026-02-24T06:41:59.516259,56,0,0.0,NORMAL,2026-02-24 06:41:59
675,2026-02-24T06:42:01.506435,56,0,0.0,NORMAL,2026-02-24 06:42:01
676,2026-02-24T06:42:03.503328,56,0,0.0,NORMAL,2026-02-24 06:42:03
677,2026-02-24T06:42:05.508550,56,0,0.0,NORMAL,2026-02-24 06:42:05
678,2026-02-24T06:42:07.515394,56,0,0.0,NORMAL,2026-02-24 06:42:07
679,2026-02-24T06:42:09.513630,56,0,0.0,NORMAL,2026-02-24 06:42:09
680,2026-02-24T06:42:11.509379,56,0,0.0,NORMAL,2026-02-24 06:42:11
681,2026-02-24T06:42:13.506712,56,0,0.0,NORMAL,2026-02-24 06:42:13
682,2026-02-24T06:42:15.514032,56,0,0.0,NORMAL,2026-02-24 06:42:15
683,2026-02-24T06:42:17.530951,56,0,0.0,NORMAL,2026-02-24 06:42:17
684,2026-02-24T06:42:19.504212,56,0,0.0,NORMAL,2026-02-24 06:42:19
685,2026-02-24T06:42:21.530110,56,0,0.0,NORMAL,2026-02-24 06:42:21
686,2026-02-24T06:42:23.521566,89,0,0.0,NORMAL,2026-02-24 06:42:23
687,2026-02-24T06:42:25.512535,89,0,0.0,NORMAL,2026-02-24 06:42:25
688,2026-02-24T06:42:27.926428,89,30,33.70786516853933,ATTACK,2026-02-24 06:42:27
689,2026-02-24T06:42:31.647926,89,30,33.70786516853933,ATTACK,2026-02-24 06:42:31
690,2026-02-24T06:42:35.186779,89,30,33.70786516853933,ATTACK,2026-02-24 06:42:35
691,2026-02-24T06:42:39.152330,89,30,33.70786516853933,ATTACK,2026-02-24 06:42:39
692,2026-02-24T06:42:43.172102,89,30,33.70786516853933,ATTACK,2026-02-24 06:42:43
693,2026-02-24T06:42:47.560824,89,30,33.70786516853933,ATTACK,2026-02-24 06:42:47
694,2026-02-24T06:42:51.126221,89,30,33.70786516853933,ATTACK,2026-02-24 06:42:51
695,2026-02-24T06:42:53.622459,89,1,1.1235955056179776,NORMAL,2026-02-24 06:42:53
696,2026-02-24T06:42:53.711063,89,0,0.0,NORMAL,2026-02-24 06:42:53
697,2026-02-24T06:42:53.797411,89,0,0.0,NORMAL,2026-02-24 06:42:53
698,2026-02-24T06:42:53.872392,89,0,0.0,NORMAL,2026-02-24 06:42:53
699,2026-02-24T06:42:53.945432,89,0,0.0,NORMAL,2026-02-24 06:42:53
700,2026-02-24T06:42:54.028677,89,0,0.0,NORMAL,2026-02-24 06:42:54
701,2026-02-24T06:42:54.107144,89,0,0.0,NORMAL,2026-02-24 06:42:54
702,2026-02-24T06:42:55.500008,89,0,0.0,NORMAL,2026-02-24 06:42:55
703,2026-02-24T06:42:57.517279,89,0,0.0,NORMAL,2026-02-24 06:42:57
704,2026-02-24T06:42:59.529227,89,0,0.0,NORMAL,2026-02-24 06:42:59
705,2026-02-24T06:43:01.497658,89,0,0.0,NORMAL,2026-02-24 06:43:01
706,2026-02-24T06:43:03.517466,89,0,0.0,NORMAL,2026-02-24 06:43:03
707,2026-02-24T06:43:05.522895,89,0,0.0,NORMAL,2026-02-24 06:43:05
708,2026-02-24T06:43:07.505181,89,0,0.0,NORMAL,2026-02-24 06:43:07
709,2026-02-24T06:43:09.521343,89,0,0.0,NORMAL,2026-02-24 06:43:09
710,2026-02-24T06:43:11.498745,89,0,0.0,NORMAL,2026-02-24 06:43:11
711,2026-02-24T06:43:13.499509,89,0,0.0,NORMAL,2026-02-24 06:43:13
712,2026-02-24T06:43:15.506125,89,0,0.0,NORMAL,2026-02-24 06:43:15
713,2026-02-24T06:43:17.500737,89,0,0.0,NORMAL,2026-02-24 06:43:17
714,2026-02-24T06:43:19.509249,89,0,0.0,NORMAL,2026-02-24 06:43:19
715,2026-02-24T06:43:21.546732,89,0,0.0,NORMAL,2026-02-24 06:43:21
716,2026-02-24T06:43:23.495729,89,0,0.0,NORMAL,2026-02-24 06:43:23
717,2026-02-24T06:43:25.497634,89,0,0.0,NORMAL,2026-02-24 06:43:25
718,2026-02-24T06:43:27.527232,89,0,0.0,NORMAL,2026-02-24 06:43:27
719,2026-02-24T06:43:29.507419,89,0,0.0,NORMAL,2026-02-24 06:43:29
720,2026-02-24T06:43:31.536370,89,0,0.0,NORMAL,2026-02-24 06:43:31
721,2026-02-24T06:43:34.587594,89,30,33.70786516853933,ATTACK,2026-02-24 06:43:34
722,2026-02-24T06:43:38.073118,89,30,33.70786516853933,ATTACK,2026-02-24 06:43:38
723,2026-02-24T06:43:42.614307,89,30,33.70786516853933,ATTACK,2026-02-24 06:43:42
724,2026-02-24T06:43:47.062065,89,29,32.58426966292135,NORMAL,2026-02-24 06:43:47
725,2026-02-24T06:43:48.293738,89,0,0.0,NORMAL,2026-02-24 06:43:48
726,2026-02-24T06:43:48.376099,89,0,0.0,NORMAL,2026-02-24 06:43:48
727,2026-02-24T06:43:48.450522,89,0,0.0,NORMAL,2026-02-24 06:43:48
728,2026-02-24T06:43:48.526887,89,0,0.0,NORMAL,2026-02-24 06:43:48
729,2026-02-24T06:43:49.524075,89,0,0.0,NORMAL,2026-02-24 06:43:49
730,2026-02-24T06:43:51.510483,89,0,0.0,NORMAL,2026-02-24 06:43:51
731,2026-02-24T06:43:53.493694,89,0,0.0,NORMAL,2026-02-24 06:43:53
732,2026-02-24T06:43:55.525135,89,0,0.0,NORMAL,2026-02-24 06:43:55
733,2026-02-24T06:43:57.530989,89,0,0.0,NORMAL,2026-02-24 06:43:57
734,2026-02-24T06:44:02.690005,89,0,0.0,NORMAL,2026-02-24 06:44:02
735,2026-02-24T06:44:12.722231,89,0,0.0,NORMAL,2026-02-24 06:44:12
736,2026-02-24T06:44:22.741324,89,0,0.0,NORMAL,2026-02-24 06:44:22
737,2026-02-24T06:44:32.724065,89,0,0.0,NORMAL,2026-02-24 06:44:32
738,2026-02-24T06:44:42.723098,89,0,0.0,NORMAL,2026-02-24 06:44:42
739,2026-02-24T06:44:52.720500,89,0,0.0,NORMAL,2026-02-24 06:44:52
740,2026-02-24T06:45:02.721518,89,0,0.0,NORMAL,2026-02-24 06:45:02
741,2026-02-24T06:45:31.925472,89,0,0.0,NORMAL,2026-02-24 06:45:31
742,2026-02-24T06:45:33.901154,89,0,0.0,NORMAL,2026-02-24 06:45:33
743,2026-02-24T06:45:35.895423,89,0,0.0,NORMAL,2026-02-24 06:45:35
744,2026-02-24T06:45:37.919847,89,0,0.0,NORMAL,2026-02-24 06:45:37
745,2026-02-24T06:45:39.901446,89,0,0.0,NORMAL,2026-02-24 06:45:39
746,2026-02-24T06:45:41.918350,89,0,0.0,NORMAL,2026-02-24 06:45:41
747,2026-02-24T06:45:43.917728,89,0,0.0,NORMAL,2026-02-24 06:45:43
748,2026-02-24T06:45:45.922095,89,0,0.0,NORMAL,2026-02-24 06:45:45
749,2026-02-24T06:45:47.895246,89,0,0.0,NORMAL,2026-02-24 06:45:47
750,2026-02-24T06:45:49.925618,89,0,0.0,NORMAL,2026-02-24 06:45:49
751,2026-02-24T06:45:51.922922,89,0,0.0,NORMAL,2026-02-24 06:45:51
752,2026-02-24T06:45:53.897756,89,0,0.0,NORMAL,2026-02-24 06:45:53
753,2026-02-24T06:45:55.897062,89,0,0.0,NORMAL,2026-02-24 06:45:55
754,2026-02-24T06:45:57.921680,89,0,0.0,NORMAL,2026-02-24 06:45:57
755,2026-02-24T06:45:59.920569,89,0,0.0,NORMAL,2026-02-24 06:45:59
756,2026-02-24T06:46:01.913979,89,0,0.0,NORMAL,2026-02-24 06:46:01
757,2026-02-24T06:46:03.909946,89,0,0.0,NORMAL,2026-02-24 06:46:03
758,2026-02-24T06:46:05.913409,89,0,0.0,NORMAL,2026-02-24 06:46:05
759,2026-02-24T06:46:07.897905,89,0,0.0,NORMAL,2026-02-24 06:46:07
760,2026-02-24T06:46:09.898673,89,0,0.0,NORMAL,2026-02-24 06:46:09
761,2026-02-24T06:46:18.720366,89,0,0.0,NORMAL,2026-02-24 06:46:18
762,2026-02-24T06:46:28.729391,89,0,0.0,NORMAL,2026-02-24 06:46:28
763,2026-02-24T06:46:38.723862,89,0,0.0,NORMAL,2026-02-24 06:46:38
764,2026-02-24T06:46:48.733054,89,0,0.0,NORMAL,2026-02-24 06:46:48
765,2026-02-24T06:46:58.726016,89,0,0.0,NORMAL,2026-02-24 06:46:58
766,2026-02-24T06:47:08.727274,89,0,0.0,NORMAL,2026-02-24 06:47:08
767,2026-02-24T06:50:30.667003,15,0,0.0,NORMAL,2026-02-24 06:50:30
768,2026-02-24T06:50:32.656919,15,0,0.0,NORMAL,2026-02-24 06:50:32
769,2026-02-24T06:50:34.663537,15,0,0.0,NORMAL,2026-02-24 06:50:34
770,2026-02-24T06:50:36.656084,15,0,0.0,NORMAL,2026-02-24 06:50:36
771,2026-02-24T06:50:38.672543,15,0,0.0,NORMAL,2026-02-24 06:50:38
772,2026-02-24T06:50:45.713758,15,0,0.0,NORMAL,2026-02-24 06:50:45
773,2026-02-24T06:50:55.718966,15,0,0.0,NORMAL,2026-02-24 06:50:55
774,2026-02-24T06:51:05.711779,15,0,0.0,NORMAL,2026-02-24 06:51:05
775,2026-02-24T06:51:15.723144,15,0,0.0,NORMAL,2026-02-24 06:51:15
776,2026-02-24T06:51:25.725116,15,0,0.0,NORMAL,2026-02-24 06:51:25
777,2026-02-24T06:51:35.721888,15,0,0.0,NORMAL,2026-02-24 06:51:35
778,2026-02-24T06:51:48.063945,15,0,0.0,NORMAL,2026-02-24 06:51:48
779,2026-02-24T06:51:50.068061,15,0,0.0,NORMAL,2026-02-24 06:51:50
780,2026-02-24T06:51:52.126080,15,5,33.33333333333333,ATTACK,2026-02-24 06:51:52
781,2026-02-24T06:51:54.127734,15,5,33.33333333333333,ATTACK,2026-02-24 06:51:54
782,2026-02-24T06:51:56.121208,15,5,33.33333333333333,ATTACK,2026-02-24 06:51:56
783,2026-02-24T06:51:58.121653,15,5,33.33333333333333,ATTACK,2026-02-24 06:51:58
784,2026-02-24T06:52:00.122361,15,5,33.33333333333333,ATTACK,2026-02-24 06:52:00
785,2026-02-24T06:52:02.120655,15,5,33.33333333333333,ATTACK,2026-02-24 06:52:02
786,2026-02-24T06:52:04.128582,15,5,33.33333333333333,ATTACK,2026-02-24 06:52:04
787,2026-02-24T06:52:06.235094,15,5,33.33333333333333,ATTACK,2026-02-24 06:52:06
788,2026-02-24T06:52:08.118942,15,5,33.33333333333333,ATTACK,2026-02-24 06:52:08
789,2026-02-24T06:52:10.126294,15,5,33.33333333333333,ATTACK,2026-02-24 06:52:10
790,2026-02-24T06:52:12.114456,15,5,33.33333333333333,ATTACK,2026-02-24 06:52:12
791,2026-02-24T06:52:14.125819,15,5,33.33333333333333,ATTACK,2026-02-24 06:52:14
792,2026-02-24T06:52:16.121025,15,5,33.33333333333333,ATTACK,2026-02-24 06:52:16
793,2026-02-24T06:52:18.057580,15,0,0.0,NORMAL,2026-02-24 06:52:18
794,2026-02-24T06:52:20.058460,15,0,0.0,NORMAL,2026-02-24 06:52:20
795,2026-02-24T06:52:22.058765,15,0,0.0,NORMAL,2026-02-24 06:52:22
796,2026-02-24T06:52:24.061939,15,0,0.0,NORMAL,2026-02-24 06:52:24
797,2026-02-24T06:52:26.058333,15,0,0.0,NORMAL,2026-02-24 06:52:26
798,2026-02-24T06:52:28.062191,15,0,0.0,NORMAL,2026-02-24 06:52:28
799,2026-02-24T06:52:30.057469,15,0,0.0,NORMAL,2026-02-24 06:52:30
800,2026-02-24T06:52:32.057241,15,0,0.0,NORMAL,2026-02-24 06:52:32
801,2026-02-24T06:52:34.056814,15,0,0.0,NORMAL,2026-02-24 06:52:34
802,2026-02-24T06:52:36.059685,15,0,0.0,NORMAL,2026-02-24 06:52:36
803,2026-02-24T06:52:41.731530,15,0,0.0,NORMAL,2026-02-24 06:52:41
804,2026-02-24T06:52:51.724970,15,0,0.0,NORMAL,2026-02-24 06:52:51
805,2026-02-24T06:53:01.721754,15,0,0.0,NORMAL,2026-02-24 06:53:01
806,2026-02-24T06:56:12.090548,15,0,0.0,NORMAL,2026-02-24 06:56:12
807,2026-02-24T06:56:14.091949,15,0,0.0,NORMAL,2026-02-24 06:56:14
808,2026-02-24T06:56:16.095450,15,0,0.0,NORMAL,2026-02-24 06:56:16
809,2026-02-24T06:56:18.091295,15,0,0.0,NORMAL,2026-02-24 06:56:18
810,2026-02-24T06:56:25.716030,15,0,0.0,NORMAL,2026-02-24 06:56:25
811,2026-02-24T06:56:35.735323,15,0,0.0,NORMAL,2026-02-24 06:56:35
812,2026-02-24T06:56:45.711545,15,0,0.0,NORMAL,2026-02-24 06:56:45
813,2026-02-24T06:56:55.725843,15,0,0.0,NORMAL,2026-02-24 06:56:55
814,2026-02-24T06:57:05.716195,15,0,0.0,NORMAL,2026-02-24 06:57:05
815,2026-02-24T06:57:15.714733,15,0,0.0,NORMAL,2026-02-24 06:57:15
816,2026-02-24T07:04:50.586888,15,0,0.0,NORMAL,2026-02-24 07:04:50
817,2026-02-24T07:04:52.703068,15,0,0.0,NORMAL,2026-02-24 07:04:52
818,2026-02-24T07:04:54.581236,15,0,0.0,NORMAL,2026-02-24 07:04:54
819,2026-02-24T07:04:56.588902,15,0,0.0,NORMAL,2026-02-24 07:04:56
820,2026-02-24T07:04:58.581069,15,0,0.0,NORMAL,2026-02-24 07:04:58
821,2026-02-24T07:05:00.588206,15,0,0.0,NORMAL,2026-02-24 07:05:00
822,2026-02-24T07:05:02.586354,15,0,0.0,NORMAL,2026-02-24 07:05:02
823,2026-02-24T07:05:04.584507,15,0,0.0,NORMAL,2026-02-24 07:05:04
824,2026-02-24T07:05:06.582652,15,0,0.0,NORMAL,2026-02-24 07:05:06
825,2026-02-24T07:05:08.586460,15,0,0.0,NORMAL,2026-02-24 07:05:08
826,2026-02-24T07:05:10.583735,15,0,0.0,NORMAL,2026-02-24 07:05:10
827,2026-02-24T07:05:12.582616,15,0,0.0,NORMAL,2026-02-24 07:05:12
828,2026-02-24T07:05:14.579745,15,0,0.0,NORMAL,2026-02-24 07:05:14
829,2026-02-24T07:05:16.584581,15,0,0.0,NORMAL,2026-02-24 07:05:16
830,2026-02-24T07:05:18.587401,15,0,0.0,NORMAL,2026-02-24 07:05:18
831,2026-02-24T07:05:20.583557,15,0,0.0,NORMAL,2026-02-24 07:05:20
832,2026-02-24T07:05:22.582983,15,0,0.0,NORMAL,2026-02-24 07:05:22
833,2026-02-24T07:05:24.581531,15,0,0.0,NORMAL,2026-02-24 07:05:24
834,2026-02-24T07:05:26.577515,15,0,0.0,NORMAL,2026-02-24 07:05:26
835,2026-02-24T07:05:28.576975,15,0,0.0,NORMAL,2026-02-24 07:05:28
836,2026-02-24T07:05:30.580425,15,0,0.0,NORMAL,2026-02-24 07:05:30
837,2026-02-24T07:05:32.576938,15,0,0.0,NORMAL,2026-02-24 07:05:32
838,2026-02-24T07:05:34.580530,15,0,0.0,NORMAL,2026-02-24 07:05:34
839,2026-02-24T07:05:44.719099,15,0,0.0,NORMAL,2026-02-24 07:05:44
840,2026-02-24T07:05:54.731895,15,0,0.0,NORMAL,2026-02-24 07:05:54
841,2026-02-24T07:06:04.728759,15,0,0.0,NORMAL,2026-02-24 07:06:04
842,2026-02-24T07:06:14.726361,15,0,0.0,NORMAL,2026-02-24 07:06:14
843,2026-02-24T07:06:24.725667,15,0,0.0,NORMAL,2026-02-24 07:06:24
844,2026-02-24T07:06:34.723995,15,0,0.0,NORMAL,2026-02-24 07:06:34
845,2026-02-24T07:09:07.578554,15,0,0.0,NORMAL,2026-02-24 07:09:07
846,2026-02-24T07:09:09.419247,15,0,0.0,NORMAL,2026-02-24 07:09:09
847,2026-02-24T07:09:11.426492,15,0,0.0,NORMAL,2026-02-24 07:09:11
848,2026-02-24T07:09:13.424012,15,0,0.0,NORMAL,2026-02-24 07:09:13
849,2026-02-24T07:09:15.427024,15,0,0.0,NORMAL,2026-02-24 07:09:15
850,2026-02-24T07:09:17.425554,15,0,0.0,NORMAL,2026-02-24 07:09:17
851,2026-02-24T07:09:19.426532,15,0,0.0,NORMAL,2026-02-24 07:09:19
852,2026-02-24T07:09:21.427241,15,0,0.0,NORMAL,2026-02-24 07:09:21
853,2026-02-24T07:09:23.426512,15,0,0.0,NORMAL,2026-02-24 07:09:23
854,2026-02-24T07:09:25.424423,15,0,0.0,NORMAL,2026-02-24 07:09:25
855,2026-02-24T07:09:27.421935,15,0,0.0,NORMAL,2026-02-24 07:09:27
856,2026-02-24T07:09:29.421023,15,0,0.0,NORMAL,2026-02-24 07:09:29
857,2026-02-24T07:09:31.422999,15,0,0.0,NORMAL,2026-02-24 07:09:31
858,2026-02-24T07:09:33.425207,15,0,0.0,NORMAL,2026-02-24 07:09:33
859,2026-02-24T07:09:35.432448,15,0,0.0,NORMAL,2026-02-24 07:09:35
860,2026-02-24T07:09:37.424397,15,0,0.0,NORMAL,2026-02-24 07:09:37
861,2026-02-24T07:09:39.428712,15,0,0.0,NORMAL,2026-02-24 07:09:39
862,2026-02-24T07:09:41.430721,15,0,0.0,NORMAL,2026-02-24 07:09:41
863,2026-02-24T07:09:43.422688,15,0,0.0,NORMAL,2026-02-24 07:09:43
864,2026-02-24T07:09:45.422874,15,0,0.0,NORMAL,2026-02-24 07:09:45
865,2026-02-24T07:09:47.437566,15,0,0.0,NORMAL,2026-02-24 07:09:47
866,2026-02-24T07:09:49.432375,15,0,0.0,NORMAL,2026-02-24 07:09:49
867,2026-02-24T07:09:51.422727,15,0,0.0,NORMAL,2026-02-24 07:09:51
868,2026-02-24T07:09:53.421340,15,0,0.0,NORMAL,2026-02-24 07:09:53
869,2026-02-24T07:09:58.727037,15,0,0.0,NORMAL,2026-02-24 07:09:58
870,2026-02-24T07:10:08.728076,15,0,0.0,NORMAL,2026-02-24 07:10:08
871,2026-02-24T07:10:18.722912,15,0,0.0,NORMAL,2026-02-24 07:10:18
872,2026-02-24T07:10:28.725376,15,0,0.0,NORMAL,2026-02-24 07:10:28
873,2026-02-24T07:10:49.718635,15,0,0.0,NORMAL,2026-02-24 07:10:49
874,2026-02-24T07:12:44.420917,15,0,0.0,NORMAL,2026-02-24 07:12:44
875,2026-02-24T07:12:46.439830,15,0,0.0,NORMAL,2026-02-24 07:12:46
876,2026-02-24T07:12:48.436929,15,0,0.0,NORMAL,2026-02-24 07:12:48
877,2026-02-24T07:12:50.421958,15,0,0.0,NORMAL,2026-02-24 07:12:50
878,2026-02-24T07:12:52.420563,15,0,0.0,NORMAL,2026-02-24 07:12:52
879,2026-02-24T07:13:01.727458,15,0,0.0,NORMAL,2026-02-24 07:13:01
880,2026-02-24T07:13:11.720943,15,0,0.0,NORMAL,2026-02-24 07:13:11
881,2026-02-24T07:13:21.719492,15,0,0.0,NORMAL,2026-02-24 07:13:21
882,2026-02-24T07:13:31.712562,15,0,0.0,NORMAL,2026-02-24 07:13:31
883,2026-02-24T07:13:41.714486,15,0,0.0,NORMAL,2026-02-24 07:13:41
884,2026-02-24T07:13:51.719108,15,0,0.0,NORMAL,2026-02-24 07:13:51
885,2026-02-24T07:14:53.330356,15,0,0.0,NORMAL,2026-02-24 07:14:53
886,2026-02-24T07:14:55.141671,15,0,0.0,NORMAL,2026-02-24 07:14:55
887,2026-02-24T07:14:57.135557,15,0,0.0,NORMAL,2026-02-24 07:14:57
888,2026-02-24T07:14:59.132676,15,0,0.0,NORMAL,2026-02-24 07:14:59
889,2026-02-24T07:15:01.155163,15,0,0.0,NORMAL,2026-02-24 07:15:01
890,2026-02-24T07:15:03.141484,15,0,0.0,NORMAL,2026-02-24 07:15:03
891,2026-02-24T07:15:05.134815,15,0,0.0,NORMAL,2026-02-24 07:15:05
892,2026-02-24T07:15:07.153486,15,0,0.0,NORMAL,2026-02-24 07:15:07
893,2026-02-24T07:15:09.133521,15,0,0.0,NORMAL,2026-02-24 07:15:09
894,2026-02-24T07:15:11.132801,15,0,0.0,NORMAL,2026-02-24 07:15:11
895,2026-02-24T07:15:13.133141,15,0,0.0,NORMAL,2026-02-24 07:15:13
896,2026-02-24T07:15:15.130636,15,0,0.0,NORMAL,2026-02-24 07:15:15
897,2026-02-24T07:15:17.131807,15,0,0.0,NORMAL,2026-02-24 07:15:17
898,2026-02-24T07:15:19.145546,15,0,0.0,NORMAL,2026-02-24 07:15:19
899,2026-02-24T07:15:21.137268,15,0,0.0,NORMAL,2026-02-24 07:15:21
900,2026-02-24T07:15:23.141720,15,0,0.0,NORMAL,2026-02-24 07:15:23
901,2026-02-24T07:15:25.135048,15,0,0.0,NORMAL,2026-02-24 07:15:25
902,2026-02-24T07:15:27.140331,15,0,0.0,NORMAL,2026-02-24 07:15:27
903,2026-02-24T07:15:29.138161,15,0,0.0,NORMAL,2026-02-24 07:15:29
904,2026-02-24T07:16:09.139701,15,0,0.0,NORMAL,2026-02-24 07:16:09
905,2026-02-24T07:16:11.454927,15,0,0.0,NORMAL,2026-02-24 07:16:11
906,2026-02-24T07:16:13.139796,15,0,0.0,NORMAL,2026-02-24 07:16:13
907,2026-02-24T07:16:15.140226,15,0,0.0,NORMAL,2026-02-24 07:16:15
908,2026-02-24T07:16:17.145505,15,0,0.0,NORMAL,2026-02-24 07:16:17
909,2026-02-24T07:16:19.149370,15,0,0.0,NORMAL,2026-02-24 07:16:19
910,2026-02-24T07:16:21.140153,15,0,0.0,NORMAL,2026-02-24 07:16:21
911,2026-02-24T07:16:23.138960,15,0,0.0,NORMAL,2026-02-24 07:16:23
912,2026-02-24T07:16:31.727886,15,0,0.0,NORMAL,2026-02-24 07:16:31
913,2026-02-24T07:16:41.728259,15,0,0.0,NORMAL,2026-02-24 07:16:41
914,2026-02-24T07:16:51.730411,15,0,0.0,NORMAL,2026-02-24 07:16:51
915,2026-02-24T07:17:01.718293,15,0,0.0,NORMAL,2026-02-24 07:17:01
916,2026-02-24T07:17:11.713748,15,0,0.0,NORMAL,2026-02-24 07:17:11
917,2026-02-24T07:17:21.715053,15,0,0.0,NORMAL,2026-02-24 07:17:21
918,2026-02-24T07:19:05.938863,15,0,0.0,NORMAL,2026-02-24 07:19:05
919,2026-02-24T07:19:07.747425,15,0,0.0,NORMAL,2026-02-24 07:19:07
920,2026-02-24T07:19:09.753256,15,0,0.0,NORMAL,2026-02-24 07:19:09
921,2026-02-24T07:19:11.754182,15,0,0.0,NORMAL,2026-02-24 07:19:11
922,2026-02-24T07:19:13.754960,15,0,0.0,NORMAL,2026-02-24 07:19:13
923,2026-02-24T07:19:15.754054,15,0,0.0,NORMAL,2026-02-24 07:19:15
924,2026-02-24T07:19:21.555777,15,0,0.0,NORMAL,2026-02-24 07:19:21
925,2026-02-24T07:19:23.552205,15,0,0.0,NORMAL,2026-02-24 07:19:23
926,2026-02-24T07:19:25.549942,15,0,0.0,NORMAL,2026-02-24 07:19:25
927,2026-02-24T07:19:27.550778,15,0,0.0,NORMAL,2026-02-24 07:19:27
928,2026-02-24T07:19:29.555413,15,0,0.0,NORMAL,2026-02-24 07:19:29
929,2026-02-24T07:19:31.555121,15,0,0.0,NORMAL,2026-02-24 07:19:31
930,2026-02-24T07:19:33.551920,15,0,0.0,NORMAL,2026-02-24 07:19:33
931,2026-02-24T07:19:35.558802,15,0,0.0,NORMAL,2026-02-24 07:19:35
932,2026-02-24T07:19:37.558736,15,0,0.0,NORMAL,2026-02-24 07:19:37
933,2026-02-24T07:19:39.560887,15,0,0.0,NORMAL,2026-02-24 07:19:39
934,2026-02-24T07:19:41.551819,15,0,0.0,NORMAL,2026-02-24 07:19:41
935,2026-02-24T07:19:43.559714,15,0,0.0,NORMAL,2026-02-24 07:19:43
936,2026-02-24T07:19:45.554172,15,0,0.0,NORMAL,2026-02-24 07:19:45
937,2026-02-24T07:19:47.568578,15,0,0.0,NORMAL,2026-02-24 07:19:47
938,2026-02-24T07:19:49.554596,15,0,0.0,NORMAL,2026-02-24 07:19:49
939,2026-02-24T07:19:51.548535,15,0,0.0,NORMAL,2026-02-24 07:19:51
940,2026-02-24T07:19:53.566532,15,0,0.0,NORMAL,2026-02-24 07:19:53
941,2026-02-24T07:19:55.558055,15,0,0.0,NORMAL,2026-02-24 07:19:55
942,2026-02-24T07:19:57.549284,15,0,0.0,NORMAL,2026-02-24 07:19:57
943,2026-02-24T07:19:59.548850,15,0,0.0,NORMAL,2026-02-24 07:19:59
944,2026-02-24T07:20:08.724031,15,0,0.0,NORMAL,2026-02-24 07:20:08
945,2026-02-24T07:20:18.721836,15,0,0.0,NORMAL,2026-02-24 07:20:18
946,2026-02-24T07:20:28.727840,15,0,0.0,NORMAL,2026-02-24 07:20:28
947,2026-02-24T07:20:38.724781,15,0,0.0,NORMAL,2026-02-24 07:20:38
948,2026-02-24T07:20:48.726666,15,0,0.0,NORMAL,2026-02-24 07:20:48
949,2026-02-24T07:20:58.725316,15,0,0.0,NORMAL,2026-02-24 07:20:58
950,2026-02-24T07:21:31.751814,15,0,0.0,NORMAL,2026-02-24 07:21:31
951,2026-02-24T07:21:37.727243,15,0,0.0,NORMAL,2026-02-24 07:21:37
952,2026-02-24T07:21:47.726340,15,0,0.0,NORMAL,2026-02-24 07:21:47
953,2026-02-24T07:21:57.731080,15,0,0.0,NORMAL,2026-02-24 07:21:57
954,2026-02-24T07:22:07.721018,15,0,0.0,NORMAL,2026-02-24 07:22:07
955,2026-02-24T07:22:17.726962,15,0,0.0,NORMAL,2026-02-24 07:22:17
956,2026-02-24T07:22:27.737071,15,0,0.0,NORMAL,2026-02-24 07:22:27
957,2026-02-24T08:14:03.828643,15,0,0.0,NORMAL,2026-02-24 08:14:03
958,2026-02-24T08:14:05.811509,15,0,0.0,NORMAL,2026-02-24 08:14:05
959,2026-02-24T08:14:07.810969,15,0,0.0,NORMAL,2026-02-24 08:14:07
960,2026-02-24T08:14:09.815579,15,0,0.0,NORMAL,2026-02-24 08:14:09
961,2026-02-24T08:14:11.813888,15,0,0.0,NORMAL,2026-02-24 08:14:11
962,2026-02-24T08:14:13.817020,15,0,0.0,NORMAL,2026-02-24 08:14:13
963,2026-02-24T08:14:15.811197,15,0,0.0,NORMAL,2026-02-24 08:14:15
964,2026-02-24T08:14:17.819507,15,0,0.0,NORMAL,2026-02-24 08:14:17
965,2026-02-24T08:14:19.814816,15,0,0.0,NORMAL,2026-02-24 08:14:19
966,2026-02-24T08:14:21.814023,15,0,0.0,NORMAL,2026-02-24 08:14:21
967,2026-02-24T08:14:23.817272,15,0,0.0,NORMAL,2026-02-24 08:14:23
968,2026-02-24T08:14:25.816153,15,0,0.0,NORMAL,2026-02-24 08:14:25
969,2026-02-24T08:14:27.817796,15,0,0.0,NORMAL,2026-02-24 08:14:27
970,2026-02-24T08:14:29.816731,15,0,0.0,NORMAL,2026-02-24 08:14:29
971,2026-02-24T08:14:31.815574,15,0,0.0,NORMAL,2026-02-24 08:14:31
972,2026-02-24T08:14:33.818070,15,0,0.0,NORMAL,2026-02-24 08:14:33
973,2026-02-24T08:14:35.818563,15,0,0.0,NORMAL,2026-02-24 08:14:35
974,2026-02-24T08:14:37.815675,15,0,0.0,NORMAL,2026-02-24 08:14:37
975,2026-02-24T08:14:39.814890,15,0,0.0,NORMAL,2026-02-24 08:14:39
976,2026-02-24T08:14:41.813784,15,0,0.0,NORMAL,2026-02-24 08:14:41
977,2026-02-24T08:14:43.813920,15,0,0.0,NORMAL,2026-02-24 08:14:43
978,2026-02-24T08:14:45.813994,15,0,0.0,NORMAL,2026-02-24 08:14:45
979,2026-02-24T08:14:47.814482,15,0,0.0,NORMAL,2026-02-24 08:14:47
980,2026-02-24T08:14:49.815086,15,0,0.0,NORMAL,2026-02-24 08:14:49
981,2026-02-24T08:14:51.802829,15,0,0.0,NORMAL,2026-02-24 08:14:51
982,2026-02-24T08:14:54.720808,15,0,0.0,NORMAL,2026-02-24 08:14:54
983,2026-02-24T08:15:04.724575,15,0,0.0,NORMAL,2026-02-24 08:15:04
984,2026-02-24T08:15:14.734758,15,0,0.0,NORMAL,2026-02-24 08:15:14
985,2026-02-24T08:15:24.715330,15,0,0.0,NORMAL,2026-02-24 08:15:24
986,2026-02-24T08:15:34.715645,15,0,0.0,NORMAL,2026-02-24 08:15:34
987,2026-02-24T08:15:44.715616,15,0,0.0,NORMAL,2026-02-24 08:15:44
988,2026-02-24T08:16:14.037421,15,0,0.0,NORMAL,2026-02-24 08:16:14
